"1","0","1"
"1","0","2"
"1","0","3"
"1","0","4"
"2","0","1"
"2","0","2"
"2","0","3"
"2","0","4"
"3","0","1"
"3","0","2"
"3","0","3"
"4","0","1"
"4","0","2"
"4","0","3"
"4","0","4"
"4","0","5"
"5","0","1"
"5","0","2"
"5","0","3"
"5","0","4"
"5","0","5"
"6","0","1"
"6","0","2"
"6","0","3"
"6","0","4"
"6","0","5"
"7","0","1"
"7","0","2"
"7","0","3"
"7","0","4"
"7","0","5"
"8","0","1"
"8","0","2"
"8","0","3"
"8","0","4"
"8","0","5"
"9","0","1"
"9","0","2"
"9","0","3"
"9","0","4"
"9","0","5"
"10","0","1"
"10","0","2"
"10","0","3"
"10","0","4"
"10","0","5"
"11","0","1"
"11","0","2"
"11","0","3"
"11","0","4"
"11","0","5"
"12","0","1"
"12","0","2"
"12","0","3"
"12","0","4"
"12","0","5"
"13","0","1"
"13","0","2"
"13","0","3"
"13","0","4"
"13","0","5"
"14","0","1"
"14","0","2"
"14","0","3"
"14","0","4"
"14","0","5"
"15","0","1"
"15","0","2"
"15","0","3"
"15","0","4"
"15","0","5"
"16","0","1"
"16","0","2"
"16","0","3"
"16","0","4"
"16","0","5"
"17","0","1"
"17","0","2"
"17","0","3"
"17","0","4"
"17","0","5"
"18","0","1"
"18","0","2"
"18","0","3"
"18","0","4"
"18","0","5"
"19","0","1"
"19","0","2"
"19","0","3"
"19","0","4"
"19","0","5"
"20","0","1"
"20","0","2"
"20","0","3"
"20","0","4"
"20","0","5"
"21","0","1"
"21","0","2"
"21","0","3"
"21","0","4"
"21","0","5"
"22","0","1"
"22","0","2"
"22","0","3"
"22","0","4"
"22","0","5"
"23","0","1"
"23","0","2"
"23","0","3"
"24","0","1"
"24","0","2"
"24","0","3"
"25","0","1"
"25","0","2"
"25","0","3"
"26","0","1"
"26","0","2"
"26","0","3"
"27","0","1"
"27","0","2"
"27","0","3"
"28","0","1"
"28","0","2"
"28","0","3"
"29","0","1"
"29","0","2"
"29","0","3"
"30","0","1"
"30","0","2"
"30","0","3"
"31","0","1"
"31","0","2"
"31","0","3"
"32","0","1"
"32","0","2"
"32","0","3"
"33","0","1"
"33","0","2"
"33","0","3"
"33","0","4"
"34","0","1"
"34","0","2"
"34","0","3"
"34","0","4"
"35","0","1"
"35","0","2"
"35","0","3"
"35","0","4"
"36","0","1"
"36","0","2"
"36","0","3"
"36","0","4"
"37","0","1"
"37","0","2"
"37","0","3"
"38","0","1"
"38","0","2"
"38","0","3"
"38","0","4"
"38","0","5"
"39","0","1"
"39","0","2"
"39","0","3"
"40","0","1"
"40","0","2"
"40","0","3"
"41","0","1"
"41","0","2"
"41","0","3"
"42","0","1"
"42","0","2"
"42","0","3"
"43","0","1"
"43","0","2"
"43","0","3"
"44","0","1"
"44","0","2"
"44","0","3"
"45","0","1"
"45","0","2"
"45","0","3"
"46","0","1"
"46","0","2"
"46","0","3"
"47","0","1"
"47","0","2"
"47","0","3"
"48","0","1"
"48","0","2"
"48","0","3"
"49","0","1"
"49","0","2"
"49","0","3"
"50","0","1"
"50","0","2"
"50","0","3"
"51","0","1"
"51","0","2"
"51","0","3"
"52","0","1"
"52","0","2"
"52","0","3"
"53","0","1"
"53","0","2"
"53","0","3"
"54","0","1"
"54","0","2"
"54","0","3"
"55","0","1"
"55","0","2"
"55","0","3"
"56","0","1"
"56","0","2"
"56","0","3"
"56","0","4"
"56","0","5"
"57","0","1"
"57","0","2"
"57","0","3"
"57","0","4"
"57","0","5"
"58","0","1"
"58","0","2"
"58","0","3"
"58","0","4"
"58","0","5"
"59","0","1"
"59","0","2"
"59","0","3"
"59","0","4"
"59","0","5"
"60","0","1"
"60","0","2"
"60","0","3"
"60","0","4"
"61","0","1"
"61","0","2"
"61","0","3"
"61","0","4"
"62","0","1"
"62","0","2"
"62","0","3"
"62","0","4"
"63","0","1"
"63","0","2"
"63","0","3"
"63","0","4"
"64","0","1"
"64","0","2"
"64","0","3"
"64","0","4"
"65","0","1"
"65","0","2"
"65","0","3"
"65","0","4"
"66","0","1"
"66","0","2"
"66","0","3"
"66","0","4"
"67","0","1"
"67","0","2"
"67","0","3"
"67","0","4"
"68","0","1"
"68","0","2"
"68","0","3"
"68","0","4"
"69","0","1"
"69","0","2"
"69","0","3"
"69","0","4"
"70","0","1"
"70","0","2"
"70","0","3"
"70","0","4"
"71","0","1"
"71","0","2"
"71","0","3"
"72","0","1"
"72","0","2"
"72","0","3"
"72","0","4"
"73","0","1"
"73","0","2"
"73","0","3"
"73","0","4"
"74","0","1"
"74","0","2"
"74","0","3"
"74","0","4"
"75","0","1"
"75","0","2"
"75","0","3"
"75","0","4"
"76","0","1"
"76","0","2"
"76","0","3"
"77","0","1"
"77","0","2"
"77","0","3"
"78","0","1"
"78","0","2"
"78","0","3"
"79","0","1"
"79","0","2"
"79","0","3"
"80","0","1"
"80","0","2"
"80","0","3"
"81","0","1"
"81","0","2"
"81","0","3"
"82","0","1"
"82","0","2"
"82","0","3"
"83","0","1"
"83","0","2"
"83","0","3"
"84","0","1"
"84","0","2"
"84","0","3"
"85","0","1"
"85","0","2"
"85","0","3"
"86","0","1"
"86","0","2"
"86","0","3"
"87","0","1"
"87","0","2"
"87","0","3"
"88","0","1"
"88","0","2"
"88","0","3"
"89","0","1"
"89","0","2"
"89","0","3"
"90","0","1"
"90","0","2"
"90","0","3"
"91","0","1"
"91","0","2"
"91","0","3"
"92","0","1"
"92","0","2"
"92","0","3"
"93","0","1"
"93","0","2"
"93","0","3"
"94","0","1"
"94","0","2"
"94","0","3"
"95","0","1"
"95","0","2"
"95","0","3"
"96","0","1"
"96","0","2"
"96","0","3"
"97","0","1"
"97","0","2"
"97","0","3"
"97","0","4"
"97","0","5"
"98","0","1"
"98","0","2"
"98","0","3"
"99","0","1"
"99","0","2"
"99","0","3"
"100","0","1"
"100","0","2"
"100","0","3"
"101","0","1"
"101","0","2"
"101","0","3"
"102","0","1"
"102","0","2"
"102","0","3"
"103","0","1"
"103","0","2"
"103","0","3"
"104","0","1"
"104","0","2"
"104","0","3"
"105","0","1"
"105","0","2"
"105","0","3"
"106","0","1"
"106","0","2"
"106","0","3"
"107","0","1"
"107","0","2"
"107","0","3"
"108","0","1"
"108","0","2"
"108","0","3"
"109","0","1"
"109","0","2"
"109","0","3"
"110","0","1"
"110","0","2"
"110","0","3"
"110","0","4"
"111","0","1"
"111","0","2"
"111","0","3"
"111","0","4"
"112","0","1"
"112","0","2"
"112","0","3"
"112","0","4"
"113","0","1"
"113","0","2"
"113","0","3"
"113","0","4"
"114","0","1"
"114","0","2"
"114","0","3"
"115","0","1"
"115","0","2"
"115","0","3"
"116","0","1"
"116","0","2"
"116","0","3"
"117","0","1"
"117","0","2"
"117","0","3"
"118","0","1"
"118","0","2"
"118","0","3"
"118","0","4"
"119","0","1"
"119","0","2"
"119","0","3"
"120","0","1"
"120","0","2"
"120","0","3"
"121","0","1"
"121","0","2"
"121","0","3"
"121","0","4"
"122","0","1"
"122","0","2"
"122","0","3"
"123","0","1"
"123","0","2"
"123","0","3"
"124","0","1"
"124","0","2"
"124","0","3"
"125","0","1"
"125","0","2"
"125","0","3"
"126","0","1"
"126","0","2"
"126","0","3"
"127","0","1"
"127","0","2"
"127","0","3"
"128","0","1"
"128","0","2"
"128","0","3"
"128","0","4"
"129","0","1"
"129","0","2"
"129","0","3"
"129","0","4"
"130","0","1"
"130","0","2"
"130","0","3"
"130","0","4"
"131","0","1"
"131","0","2"
"131","0","3"
"131","0","4"
"132","0","1"
"132","0","2"
"132","0","3"
"132","0","4"
"133","0","1"
"133","0","2"
"133","0","3"
"134","0","1"
"134","0","2"
"134","0","3"
"135","0","1"
"135","0","2"
"135","0","3"
"136","0","1"
"136","0","2"
"136","0","3"
"137","0","1"
"137","0","2"
"137","0","3"
"138","0","1"
"138","0","2"
"138","0","3"
"138","0","4"
"139","0","1"
"139","0","2"
"139","0","3"
"139","0","4"
"140","0","1"
"140","0","2"
"140","0","3"
"140","0","4"
"141","0","1"
"141","0","2"
"141","0","3"
"141","0","4"
"142","0","1"
"142","0","2"
"142","0","3"
"142","0","4"
"143","0","1"
"143","0","2"
"143","0","3"
"143","0","4"
"144","0","1"
"144","0","2"
"144","0","3"
"144","0","4"
"145","0","1"
"145","0","2"
"145","0","3"
"145","0","4"
"146","0","1"
"146","0","2"
"146","0","3"
"146","0","4"
"147","0","1"
"147","0","2"
"147","0","3"
"147","0","4"
"148","0","1"
"148","0","2"
"148","0","3"
"148","0","4"
"149","0","1"
"149","0","2"
"149","0","3"
"149","0","4"
"150","0","1"
"150","0","2"
"150","0","3"
"150","0","4"
"151","0","1"
"151","0","2"
"151","0","3"
"151","0","4"
"152","0","1"
"152","0","2"
"152","0","3"
"152","0","4"
"153","0","1"
"153","0","2"
"153","0","3"
"153","0","4"
"154","0","1"
"154","0","2"
"154","0","3"
"154","0","4"
"155","0","1"
"155","0","2"
"155","0","3"
"155","0","4"
"156","0","1"
"156","0","2"
"156","0","3"
"157","0","1"
"157","0","2"
"157","0","3"
"158","0","1"
"158","0","2"
"158","0","3"
"159","0","1"
"159","0","2"
"159","0","3"
"160","0","1"
"160","0","2"
"160","0","3"
"161","0","1"
"161","0","2"
"161","0","3"
"162","0","1"
"162","0","2"
"162","0","3"
"163","0","1"
"163","0","2"
"163","0","3"
"164","0","1"
"164","0","2"
"164","0","3"
"165","0","1"
"165","0","2"
"165","0","3"
"166","0","1"
"166","0","2"
"166","0","3"
"167","0","1"
"167","0","2"
"167","0","3"
"168","0","1"
"168","0","2"
"168","0","3"
"169","0","1"
"169","0","2"
"169","0","3"
"170","0","1"
"170","0","2"
"170","0","3"
"171","0","1"
"171","0","2"
"171","0","3"
"172","0","1"
"172","0","2"
"172","0","3"
"173","0","1"
"173","0","2"
"173","0","3"
"174","0","1"
"174","0","2"
"174","0","3"
"175","0","1"
"175","0","2"
"175","0","3"
"176","0","1"
"176","0","2"
"176","0","3"
"177","0","1"
"177","0","2"
"177","0","3"
"178","0","1"
"178","0","2"
"178","0","3"
"179","0","1"
"179","0","2"
"179","0","3"
"180","0","1"
"180","0","2"
"180","0","3"
"181","0","1"
"181","0","2"
"181","0","3"
"182","0","1"
"182","0","2"
"182","0","3"
"183","0","1"
"183","0","2"
"183","0","3"
"184","0","1"
"184","0","2"
"184","0","3"
"185","0","1"
"185","0","2"
"185","0","3"
"186","0","1"
"186","0","2"
"186","0","3"
"187","0","1"
"187","0","2"
"187","0","3"
"188","0","1"
"188","0","2"
"188","0","3"
"189","0","1"
"189","0","2"
"189","0","3"
"190","0","1"
"190","0","2"
"190","0","3"
"191","0","1"
"191","0","2"
"191","0","3"
"192","0","1"
"192","0","2"
"192","0","3"
"193","0","1"
"193","0","2"
"193","0","3"
"194","0","1"
"194","0","2"
"194","0","3"
"195","0","1"
"195","0","2"
"195","0","3"
"196","0","1"
"196","0","2"
"196","0","3"
"197","0","1"
"197","0","2"
"197","0","3"
"198","0","1"
"198","0","2"
"198","0","3"
"198","0","4"
"199","0","1"
"199","0","2"
"199","0","3"
"199","0","4"
"200","0","1"
"200","0","2"
"200","0","3"
"200","0","4"
"201","0","1"
"201","0","2"
"201","0","3"
"201","0","4"
"202","0","1"
"202","0","2"
"202","0","3"
"202","0","4"
"203","0","1"
"203","0","2"
"203","0","3"
"203","0","4"
"204","0","1"
"204","0","2"
"204","0","3"
"205","0","1"
"205","0","2"
"205","0","3"
"206","0","1"
"206","0","2"
"206","0","3"
"207","0","1"
"207","0","2"
"207","0","3"
"207","0","4"
"208","0","1"
"208","0","2"
"208","0","3"
"208","0","4"
"209","0","1"
"209","0","2"
"209","0","3"
"209","0","4"
"210","0","1"
"210","0","2"
"210","0","3"
"211","0","1"
"211","0","2"
"211","0","3"
"212","0","1"
"212","0","2"
"212","0","3"
"213","0","1"
"213","0","2"
"213","0","3"
"214","0","1"
"214","0","2"
"214","0","3"
"215","0","1"
"215","0","2"
"215","0","3"
"216","0","1"
"216","0","2"
"216","0","3"
"216","0","4"
"217","0","1"
"217","0","2"
"217","0","3"
"217","0","4"
"218","0","1"
"218","0","2"
"218","0","3"
"219","0","1"
"219","0","2"
"219","0","3"
"219","0","4"
"220","0","1"
"220","0","2"
"220","0","3"
"220","0","4"
"220","0","5"
"221","0","1"
"221","0","2"
"221","0","3"
"221","0","4"
"221","0","5"
"222","0","1"
"222","0","2"
"222","0","3"
"222","0","4"
"222","0","5"
"223","0","1"
"223","0","2"
"223","0","3"
"223","0","4"
"223","0","5"
"224","0","1"
"224","0","2"
"224","0","3"
"224","0","4"
"225","0","1"
"225","0","2"
"225","0","3"
"225","0","4"
"226","0","1"
"226","0","2"
"226","0","3"
"226","0","4"
"227","0","1"
"227","0","2"
"227","0","3"
"227","0","4"
"227","0","5"
"228","0","1"
"228","0","2"
"228","0","3"
"228","0","4"
"228","0","5"
"229","0","1"
"229","0","2"
"229","0","3"
"229","0","4"
"229","0","5"
"230","0","1"
"230","0","2"
"230","0","3"
"231","0","1"
"231","0","2"
"231","0","3"
"232","0","1"
"232","0","2"
"232","0","3"
"233","0","1"
"233","0","2"
"233","0","3"
"234","0","1"
"234","0","2"
"234","0","3"
"235","0","1"
"235","0","2"
"235","0","3"
"236","0","1"
"236","0","2"
"236","0","3"
"237","0","1"
"237","0","2"
"237","0","3"
"238","0","1"
"238","0","2"
"238","0","3"
"239","0","1"
"239","0","2"
"239","0","3"
"240","0","1"
"240","0","2"
"240","0","3"
"241","0","1"
"241","0","2"
"241","0","3"
"242","0","1"
"242","0","2"
"242","0","3"
"243","0","1"
"243","0","2"
"243","0","3"
"244","0","1"
"244","0","2"
"244","0","3"
"245","0","1"
"245","0","2"
"245","0","3"
"246","0","1"
"246","0","2"
"246","0","3"
"247","0","1"
"247","0","2"
"247","0","3"
"248","0","1"
"248","0","2"
"248","0","3"
"249","0","1"
"249","0","2"
"249","0","3"
"250","0","1"
"250","0","2"
"250","0","3"
"251","0","1"
"251","0","2"
"251","0","3"
"252","0","1"
"252","0","2"
"252","0","3"
"253","0","1"
"253","0","2"
"253","0","3"
"254","0","1"
"254","0","2"
"254","0","3"
"255","0","1"
"255","0","2"
"255","0","3"
"256","0","1"
"256","0","2"
"256","0","3"
"257","0","1"
"257","0","2"
"257","0","3"
"258","0","1"
"258","0","2"
"258","0","3"
"259","0","1"
"259","0","2"
"259","0","3"
"260","0","1"
"260","0","2"
"260","0","3"
"260","0","4"
"261","0","1"
"261","0","2"
"261","0","3"
"261","0","4"
"262","0","1"
"262","0","2"
"262","0","3"
"262","0","4"
"263","0","1"
"263","0","2"
"263","0","3"
"263","0","4"
"264","0","1"
"264","0","2"
"264","0","3"
"264","0","4"
"265","0","1"
"265","0","2"
"265","0","3"
"265","0","4"
"266","0","1"
"266","0","2"
"266","0","3"
"266","0","4"
"267","0","1"
"267","0","2"
"267","0","3"
"267","0","4"
"268","0","1"
"268","0","2"
"268","0","3"
"268","0","4"
"269","0","1"
"269","0","2"
"269","0","3"
"269","0","4"
"270","0","1"
"270","0","2"
"270","0","3"
"270","0","4"
"271","0","1"
"271","0","2"
"271","0","3"
"271","0","4"
"272","0","1"
"272","0","2"
"272","0","3"
"272","0","4"
"273","0","1"
"273","0","2"
"273","0","3"
"274","0","1"
"274","0","2"
"274","0","3"
"274","0","4"
"275","0","1"
"275","0","2"
"275","0","3"
"275","0","4"
"276","0","1"
"276","0","2"
"276","0","3"
"277","0","1"
"277","0","2"
"277","0","3"
"277","0","4"
"278","0","1"
"278","0","2"
"278","0","3"
"278","0","4"
"279","0","1"
"279","0","2"
"279","0","3"
"279","0","4"
"280","0","1"
"280","0","2"
"280","0","3"
"280","0","4"
"281","0","1"
"281","0","2"
"281","0","3"
"281","0","4"
"281","0","5"
"281","0","6"
"282","0","1"
"282","0","2"
"282","0","3"
"282","0","4"
"282","0","5"
"282","0","6"
"283","0","1"
"283","0","2"
"283","0","3"
"283","0","4"
"283","0","5"
"283","0","6"
"284","0","1"
"284","0","2"
"284","0","3"
"285","0","1"
"285","0","2"
"285","0","3"
"286","0","1"
"286","0","2"
"286","0","3"
"286","0","4"
"287","0","1"
"287","0","2"
"287","0","3"
"287","0","4"
"288","0","1"
"288","0","2"
"288","0","3"
"289","0","1"
"289","0","2"
"289","0","3"
"289","0","4"
"290","0","1"
"290","0","2"
"290","0","3"
"290","0","4"
"291","0","1"
"291","0","2"
"291","0","3"
"292","0","1"
"292","0","2"
"292","0","3"
"292","0","4"
"293","0","1"
"293","0","2"
"293","0","3"
"293","0","4"
"294","0","1"
"294","0","2"
"294","0","3"
"294","0","4"
"295","0","1"
"295","0","2"
"295","0","3"
"295","0","4"
"296","0","1"
"296","0","2"
"296","0","3"
"296","0","4"
"297","0","1"
"297","0","2"
"297","0","3"
"298","0","1"
"298","0","2"
"298","0","3"
"299","0","1"
"299","0","2"
"299","0","3"
"299","0","4"
"300","0","1"
"300","0","2"
"300","0","3"
"300","0","4"
"301","0","1"
"301","0","2"
"301","0","3"
"302","0","1"
"302","0","2"
"302","0","3"
"302","0","4"
"302","0","5"
"303","0","1"
"303","0","2"
"303","0","3"
"303","0","4"
"303","0","5"
"304","0","1"
"304","0","2"
"304","0","3"
"304","0","4"
"304","0","5"
"305","0","1"
"305","0","2"
"305","0","3"
"306","0","1"
"306","0","2"
"306","0","3"
"307","0","1"
"307","0","2"
"307","0","3"
"308","0","1"
"308","0","2"
"308","0","3"
"309","0","1"
"309","0","2"
"309","0","3"
"309","0","4"
"309","0","5"
"310","0","1"
"310","0","2"
"310","0","3"
"310","0","4"
"310","0","5"
"310","0","6"
"311","0","1"
"311","0","2"
"311","0","3"
"311","0","4"
"311","0","5"
"311","0","6"
"312","0","1"
"312","0","2"
"312","0","3"
"312","0","4"
"312","0","5"
"312","0","6"
"313","0","1"
"313","0","2"
"313","0","3"
"314","0","1"
"314","0","2"
"314","0","3"
"315","0","1"
"315","0","2"
"315","0","3"
"316","0","1"
"316","0","2"
"316","0","3"
"317","0","1"
"317","0","2"
"317","0","3"
"318","0","1"
"318","0","2"
"318","0","3"
"319","0","1"
"319","0","2"
"319","0","3"
"320","0","1"
"320","0","2"
"320","0","3"
"321","0","1"
"321","0","2"
"321","0","3"
"322","0","1"
"322","0","2"
"322","0","3"
"323","0","1"
"323","0","2"
"323","0","3"
"324","0","1"
"324","0","2"
"324","0","3"
"325","0","1"
"325","0","2"
"325","0","3"
"326","0","1"
"326","0","2"
"326","0","3"
"327","0","1"
"327","0","2"
"327","0","3"
"328","0","1"
"328","0","2"
"328","0","3"
"329","0","1"
"329","0","2"
"329","0","3"
"330","0","1"
"330","0","2"
"330","0","3"
"331","0","1"
"331","0","2"
"331","0","3"
"332","0","1"
"332","0","2"
"332","0","3"
"333","0","1"
"333","0","2"
"333","0","3"
"334","0","1"
"334","0","2"
"334","0","3"
"335","0","1"
"335","0","2"
"335","0","3"
"336","0","1"
"336","0","2"
"336","0","3"
"337","0","1"
"337","0","2"
"337","0","3"
"338","0","1"
"338","0","2"
"338","0","3"
"339","0","1"
"339","0","2"
"339","0","3"
"340","0","1"
"340","0","2"
"340","0","3"
"341","0","1"
"341","0","2"
"341","0","3"
"342","0","1"
"342","0","2"
"342","0","3"
"343","0","1"
"343","0","2"
"343","0","3"
"344","0","1"
"344","0","2"
"344","0","3"
"345","0","1"
"345","0","2"
"345","0","3"
"346","0","1"
"346","0","2"
"346","0","3"
"347","0","1"
"347","0","2"
"347","0","3"
"348","0","1"
"348","0","2"
"348","0","3"
"349","0","1"
"349","0","2"
"349","0","3"
"350","0","1"
"350","0","2"
"350","0","3"
"351","0","1"
"351","0","2"
"351","0","3"
"352","0","1"
"352","0","2"
"352","0","3"
"353","0","1"
"353","0","2"
"353","0","3"
"354","0","1"
"354","0","2"
"354","0","3"
"355","0","1"
"355","0","2"
"355","0","3"
"356","0","1"
"356","0","2"
"356","0","3"
"356","0","4"
"357","0","1"
"357","0","2"
"357","0","3"
"358","0","1"
"358","0","2"
"358","0","3"
"359","0","1"
"359","0","2"
"359","0","3"
"359","0","4"
"359","0","5"
"359","0","6"
"360","0","1"
"360","0","2"
"360","0","3"
"360","0","4"
"360","0","5"
"360","0","6"
"361","0","1"
"361","0","2"
"361","0","3"
"361","0","4"
"361","0","5"
"362","0","1"
"362","0","2"
"362","0","3"
"362","0","4"
"362","0","5"
"363","0","1"
"363","0","2"
"363","0","3"
"363","0","4"
"363","0","5"
"364","0","1"
"364","0","2"
"364","0","3"
"364","0","4"
"364","0","5"
"365","0","1"
"365","0","2"
"365","0","3"
"365","0","4"
"365","0","5"
"366","0","1"
"366","0","2"
"366","0","3"
"366","0","4"
"366","0","5"
"367","0","1"
"367","0","2"
"367","0","3"
"367","0","4"
"367","0","5"
"368","0","1"
"368","0","2"
"368","0","3"
"368","0","4"
"368","0","5"
"369","0","1"
"369","0","2"
"369","0","3"
"369","0","4"
"369","0","5"
"370","0","1"
"370","0","2"
"370","0","3"
"370","0","4"
"370","0","5"
"371","0","1"
"371","0","2"
"371","0","3"
"371","0","4"
"371","0","5"
"372","0","1"
"372","0","2"
"372","0","3"
"372","0","4"
"372","0","5"
"373","0","1"
"373","0","2"
"373","0","3"
"373","0","4"
"373","0","5"
"374","0","1"
"374","0","2"
"374","0","3"
"374","0","4"
"374","0","5"
"375","0","1"
"375","0","2"
"375","0","3"
"375","0","4"
"375","0","5"
"376","0","1"
"376","0","2"
"376","0","3"
"376","0","4"
"376","0","5"
"377","0","1"
"377","0","2"
"377","0","3"
"377","0","4"
"377","0","5"
"378","0","1"
"378","0","2"
"378","0","3"
"378","0","4"
"378","0","5"
"379","0","1"
"379","0","2"
"379","0","3"
"379","0","4"
"379","0","5"
"380","0","1"
"380","0","2"
"380","0","3"
"380","0","4"
"380","0","5"
"381","0","1"
"381","0","2"
"381","0","3"
"381","0","4"
"381","0","5"
"382","0","1"
"382","0","2"
"382","0","3"
"382","0","4"
"382","0","5"
"383","0","1"
"383","0","2"
"383","0","3"
"383","0","4"
"383","0","5"
"384","0","1"
"384","0","2"
"384","0","3"
"384","0","4"
"384","0","5"
"384","0","6"
"385","0","1"
"385","0","2"
"385","0","3"
"386","0","1"
"386","0","2"
"386","0","3"
"387","0","1"
"387","0","2"
"387","0","3"
"388","0","1"
"388","0","2"
"388","0","3"
"389","0","1"
"389","0","2"
"389","0","3"
"390","0","1"
"390","0","2"
"390","0","3"
"391","0","1"
"391","0","2"
"391","0","3"
"392","0","1"
"392","0","2"
"392","0","3"
"393","0","1"
"393","0","2"
"393","0","3"
"394","0","1"
"394","0","2"
"394","0","3"
"395","0","1"
"395","0","2"
"395","0","3"
"396","0","1"
"396","0","2"
"396","0","3"
"397","0","1"
"397","0","2"
"397","0","3"
"398","0","1"
"398","0","2"
"398","0","3"
"399","0","1"
"399","0","2"
"399","0","3"
"400","0","1"
"400","0","2"
"400","0","3"
"401","0","1"
"401","0","2"
"401","0","3"
"402","0","1"
"402","0","2"
"402","0","3"
"403","0","1"
"403","0","2"
"403","0","3"
"404","0","1"
"404","0","2"
"404","0","3"
"405","0","1"
"405","0","2"
"405","0","3"
"406","0","1"
"406","0","2"
"406","0","3"
"407","0","1"
"407","0","2"
"407","0","3"
"408","0","1"
"408","0","2"
"408","0","3"
"409","0","1"
"409","0","2"
"409","0","3"
"410","0","1"
"410","0","2"
"410","0","3"
"411","0","1"
"411","0","2"
"411","0","3"
"411","0","4"
"412","0","1"
"412","0","2"
"412","0","3"
"413","0","1"
"413","0","2"
"413","0","3"
"414","0","1"
"414","0","2"
"414","0","3"
"414","0","4"
"415","0","1"
"415","0","2"
"415","0","3"
"416","0","1"
"416","0","2"
"416","0","3"
"416","0","4"
"416","0","5"
"416","0","6"
"417","0","1"
"417","0","2"
"417","0","3"
"418","0","1"
"418","0","2"
"418","0","3"
"419","0","1"
"419","0","2"
"419","0","3"
"420","0","1"
"420","0","2"
"420","0","3"
"421","0","1"
"421","0","2"
"421","0","3"
"422","0","1"
"422","0","2"
"422","0","3"
"423","0","1"
"423","0","2"
"423","0","3"
"424","0","1"
"424","0","2"
"424","0","3"
"425","0","1"
"425","0","2"
"425","0","3"
"426","0","1"
"426","0","2"
"426","0","3"
"427","0","1"
"427","0","2"
"427","0","3"
"428","0","1"
"428","0","2"
"428","0","3"
"429","0","1"
"429","0","2"
"429","0","3"
"430","0","1"
"430","0","2"
"430","0","3"
"431","0","1"
"431","0","2"
"431","0","3"
"432","0","1"
"432","0","2"
"432","0","3"
"433","0","1"
"433","0","2"
"433","0","3"
"434","0","1"
"434","0","2"
"434","0","3"
"435","0","1"
"435","0","2"
"435","0","3"
"436","0","1"
"436","0","2"
"436","0","3"
"437","0","1"
"437","0","2"
"437","0","3"
"437","0","4"
"437","0","5"
"438","0","1"
"438","0","2"
"438","0","3"
"438","0","4"
"438","0","5"
"439","0","1"
"439","0","2"
"439","0","3"
"439","0","4"
"439","0","5"
"440","0","1"
"440","0","2"
"440","0","3"
"440","0","4"
"440","0","5"
"441","0","1"
"441","0","2"
"441","0","3"
"441","0","4"
"441","0","5"
"442","0","1"
"442","0","2"
"442","0","3"
"442","0","4"
"442","0","5"
"443","0","1"
"443","0","2"
"443","0","3"
"443","0","4"
"443","0","5"
"444","0","1"
"444","0","2"
"444","0","3"
"444","0","4"
"444","0","5"
"445","0","1"
"445","0","2"
"445","0","3"
"445","0","4"
"445","0","5"
"446","0","1"
"446","0","2"
"446","0","3"
"446","0","4"
"446","0","5"
"447","0","1"
"447","0","2"
"447","0","3"
"447","0","4"
"447","0","5"
"448","0","1"
"448","0","2"
"448","0","3"
"448","0","4"
"448","0","5"
"449","0","1"
"449","0","2"
"449","0","3"
"449","0","4"
"449","0","5"
"450","0","1"
"450","0","2"
"450","0","3"
"450","0","4"
"450","0","5"
"451","0","1"
"451","0","2"
"451","0","3"
"451","0","4"
"451","0","5"
"452","0","1"
"452","0","2"
"452","0","3"
"452","0","4"
"452","0","5"
"453","0","1"
"453","0","2"
"453","0","3"
"453","0","4"
"453","0","5"
"454","0","1"
"454","0","2"
"454","0","3"
"454","0","4"
"454","0","5"
"455","0","1"
"455","0","2"
"455","0","3"
"455","0","4"
"455","0","5"
"456","0","1"
"456","0","2"
"456","0","3"
"457","0","1"
"457","0","2"
"457","0","3"
"458","0","1"
"458","0","2"
"458","0","3"
"459","0","1"
"459","0","2"
"459","0","3"
"460","0","1"
"460","0","2"
"460","0","3"
"461","0","1"
"461","0","2"
"461","0","3"
"462","0","1"
"462","0","2"
"462","0","3"
"463","0","1"
"463","0","2"
"463","0","3"
"464","0","1"
"464","0","2"
"464","0","3"
"465","0","1"
"465","0","2"
"465","0","3"
"466","0","1"
"466","0","2"
"466","0","3"
"467","0","1"
"467","0","2"
"467","0","3"
"468","0","1"
"468","0","2"
"468","0","3"
"469","0","1"
"469","0","2"
"469","0","3"
"470","0","1"
"470","0","2"
"470","0","3"
"470","0","4"
"470","0","5"
"470","0","6"
"471","0","1"
"471","0","2"
"471","0","3"
"471","0","4"
"471","0","5"
"471","0","6"
"472","0","1"
"472","0","2"
"472","0","3"
"472","0","4"
"472","0","5"
"472","0","6"
"473","0","1"
"473","0","2"
"473","0","3"
"473","0","4"
"473","0","5"
"473","0","6"
"474","0","1"
"474","0","2"
"474","0","3"
"474","0","4"
"474","0","5"
"474","0","6"
"475","0","1"
"475","0","2"
"475","0","3"
"475","0","4"
"475","0","5"
"475","0","6"
"476","0","1"
"476","0","2"
"476","0","3"
"476","0","4"
"476","0","5"
"476","0","6"
"477","0","1"
"477","0","2"
"477","0","3"
"477","0","4"
"477","0","5"
"478","0","1"
"478","0","2"
"478","0","3"
"478","0","4"
"478","0","5"
"479","0","1"
"479","0","2"
"479","0","3"
"479","0","4"
"479","0","5"
"480","0","1"
"480","0","2"
"480","0","3"
"481","0","1"
"481","0","2"
"481","0","3"
"481","0","4"
"482","0","1"
"482","0","2"
"482","0","3"
"482","0","4"
"483","0","1"
"483","0","2"
"483","0","3"
"483","0","4"
"484","0","1"
"484","0","2"
"484","0","3"
"484","0","4"
"485","0","1"
"485","0","2"
"485","0","3"
"485","0","4"
"486","0","1"
"486","0","2"
"486","0","3"
"486","0","4"
"487","0","1"
"487","0","2"
"487","0","3"
"487","0","4"
"488","0","1"
"488","0","2"
"488","0","3"
"488","0","4"
"489","0","1"
"489","0","2"
"489","0","3"
"489","0","4"
"490","0","1"
"490","0","2"
"490","0","3"
"490","0","4"
"491","0","1"
"491","0","2"
"491","0","3"
"491","0","4"
"492","0","1"
"492","0","2"
"492","0","3"
"492","0","4"
"493","0","1"
"493","0","2"
"493","0","3"
"493","0","4"
"494","0","1"
"494","0","2"
"494","0","3"
"494","0","4"
"495","0","1"
"495","0","2"
"495","0","3"
"495","0","4"
"496","0","1"
"496","0","2"
"496","0","3"
"496","0","4"
"497","0","1"
"497","0","2"
"497","0","3"
"497","0","4"
"498","0","1"
"498","0","2"
"498","0","3"
"498","0","4"
"499","0","1"
"499","0","2"
"499","0","3"
"499","0","4"
"500","0","1"
"500","0","2"
"500","0","3"
"501","0","1"
"501","0","2"
"501","0","3"
"502","0","1"
"502","0","2"
"502","0","3"
"503","0","1"
"503","0","2"
"503","0","3"
"504","0","1"
"504","0","2"
"504","0","3"
"505","0","1"
"505","0","2"
"505","0","3"
"506","0","1"
"506","0","2"
"506","0","3"
"507","0","1"
"507","0","2"
"507","0","3"
"508","0","1"
"508","0","2"
"508","0","3"
"509","0","1"
"509","0","2"
"509","0","3"
"510","0","1"
"510","0","2"
"510","0","3"
"511","0","1"
"511","0","2"
"511","0","3"
"512","0","1"
"512","0","2"
"512","0","3"
"513","0","1"
"513","0","2"
"513","0","3"
"514","0","1"
"514","0","2"
"514","0","3"
"515","0","1"
"515","0","2"
"515","0","3"
"516","0","1"
"516","0","2"
"516","0","3"
"517","0","1"
"517","0","2"
"517","0","3"
"517","0","4"
"518","0","1"
"518","0","2"
"518","0","3"
"519","0","1"
"519","0","2"
"519","0","3"
"520","0","1"
"520","0","2"
"520","0","3"
"521","0","1"
"521","0","2"
"521","0","3"
"522","0","1"
"522","0","2"
"522","0","3"
"523","0","1"
"523","0","2"
"523","0","3"
"524","0","1"
"524","0","2"
"524","0","3"
"525","0","1"
"525","0","2"
"525","0","3"
"526","0","1"
"526","0","2"
"526","0","3"
"527","0","1"
"527","0","2"
"527","0","3"
"528","0","1"
"528","0","2"
"528","0","3"
"529","0","1"
"529","0","2"
"529","0","3"
"530","0","1"
"530","0","2"
"530","0","3"
"531","0","1"
"531","0","2"
"531","0","3"
"532","0","1"
"532","0","2"
"532","0","3"
"532","0","4"
"532","0","5"
"533","0","1"
"533","0","2"
"533","0","3"
"534","0","1"
"534","0","2"
"534","0","3"
"535","0","1"
"535","0","2"
"535","0","3"
"536","0","1"
"536","0","2"
"536","0","3"
"537","0","1"
"537","0","2"
"537","0","3"
"538","0","1"
"538","0","2"
"538","0","3"
"539","0","1"
"539","0","2"
"539","0","3"
"540","0","1"
"540","0","2"
"540","0","3"
"541","0","1"
"541","0","2"
"541","0","3"
"542","0","1"
"542","0","2"
"542","0","3"
"543","0","1"
"543","0","2"
"543","0","3"
"544","0","1"
"544","0","2"
"544","0","3"
"545","0","1"
"545","0","2"
"545","0","3"
"546","0","1"
"546","0","2"
"546","0","3"
"547","0","1"
"547","0","2"
"547","0","3"
"548","0","1"
"548","0","2"
"548","0","3"
"549","0","1"
"549","0","2"
"549","0","3"
"550","0","1"
"550","0","2"
"550","0","3"
"551","0","1"
"551","0","2"
"551","0","3"
"552","0","1"
"552","0","2"
"552","0","3"
"553","0","1"
"553","0","2"
"553","0","3"
"554","0","1"
"554","0","2"
"554","0","3"
"555","0","1"
"555","0","2"
"555","0","3"
"556","0","1"
"556","0","2"
"556","0","3"
"557","0","1"
"557","0","2"
"557","0","3"
"558","0","1"
"558","0","2"
"558","0","3"
"558","0","4"
"559","0","1"
"559","0","2"
"559","0","3"
"560","0","1"
"560","0","2"
"560","0","3"
"561","0","1"
"561","0","2"
"561","0","3"
"562","0","1"
"562","0","2"
"562","0","3"
"563","0","1"
"563","0","2"
"563","0","3"
"564","0","1"
"564","0","2"
"564","0","3"
"565","0","1"
"565","0","2"
"565","0","3"
"566","0","1"
"566","0","2"
"566","0","3"
"567","0","1"
"567","0","2"
"567","0","3"
"568","0","1"
"568","0","2"
"568","0","3"
"569","0","1"
"569","0","2"
"569","0","3"
"570","0","1"
"570","0","2"
"570","0","3"
"571","0","1"
"571","0","2"
"571","0","3"
"572","0","1"
"572","0","2"
"572","0","3"
"573","0","1"
"573","0","2"
"573","0","3"
"574","0","1"
"574","0","2"
"574","0","3"
"575","0","1"
"575","0","2"
"575","0","3"
"576","0","1"
"576","0","2"
"576","0","3"
"577","0","1"
"577","0","2"
"577","0","3"
"578","0","1"
"578","0","2"
"578","0","3"
"579","0","1"
"579","0","2"
"579","0","3"
"580","0","1"
"580","0","2"
"580","0","3"
"581","0","1"
"581","0","2"
"581","0","3"
"582","0","1"
"582","0","2"
"582","0","3"
"583","0","1"
"583","0","2"
"583","0","3"
"584","0","1"
"584","0","2"
"584","0","3"
"585","0","1"
"585","0","2"
"585","0","3"
"586","0","1"
"586","0","2"
"586","0","3"
"587","0","1"
"587","0","2"
"587","0","3"
"587","0","4"
"588","0","1"
"588","0","2"
"588","0","3"
"588","0","4"
"589","0","1"
"589","0","2"
"589","0","3"
"589","0","4"
"590","0","1"
"590","0","2"
"590","0","3"
"590","0","4"
"591","0","1"
"591","0","2"
"591","0","3"
"591","0","4"
"592","0","1"
"592","0","2"
"592","0","3"
"592","0","4"
"593","0","1"
"593","0","2"
"593","0","3"
"593","0","4"
"594","0","1"
"594","0","2"
"594","0","3"
"594","0","4"
"595","0","1"
"595","0","2"
"595","0","3"
"595","0","4"
"596","0","1"
"596","0","2"
"596","0","3"
"596","0","4"
"597","0","1"
"597","0","2"
"597","0","3"
"597","0","4"
"598","0","1"
"598","0","2"
"598","0","3"
"598","0","4"
"599","0","1"
"599","0","2"
"599","0","3"
"599","0","4"
"600","0","1"
"600","0","2"
"600","0","3"
"600","0","4"
"601","0","1"
"601","0","2"
"601","0","3"
"602","0","1"
"602","0","2"
"602","0","3"
"603","0","1"
"603","0","2"
"603","0","3"
"604","0","1"
"604","0","2"
"604","0","3"
"605","0","1"
"605","0","2"
"605","0","3"
"606","0","1"
"606","0","2"
"606","0","3"
"607","0","1"
"607","0","2"
"607","0","3"
"608","0","1"
"608","0","2"
"608","0","3"
"608","0","4"
"609","0","1"
"609","0","2"
"609","0","3"
"609","0","4"
"610","0","1"
"610","0","2"
"610","0","3"
"610","0","4"
"611","0","1"
"611","0","2"
"611","0","3"
"611","0","4"
"612","0","1"
"612","0","2"
"612","0","3"
"612","0","4"
"613","0","1"
"613","0","2"
"613","0","3"
"613","0","4"
"614","0","1"
"614","0","2"
"614","0","3"
"614","0","4"
"615","0","1"
"615","0","2"
"615","0","3"
"615","0","4"
"616","0","1"
"616","0","2"
"616","0","3"
"616","0","4"
"617","0","1"
"617","0","2"
"617","0","3"
"617","0","4"
"618","0","1"
"618","0","2"
"618","0","3"
"618","0","4"
"619","0","1"
"619","0","2"
"619","0","3"
"619","0","4"
"620","0","1"
"620","0","2"
"620","0","3"
"620","0","4"
"621","0","1"
"621","0","2"
"621","0","3"
"621","0","4"
"622","0","1"
"622","0","2"
"622","0","3"
"622","0","4"
"623","0","1"
"623","0","2"
"623","0","3"
"623","0","4"
"624","0","1"
"624","0","2"
"624","0","3"
"624","0","4"
"625","0","1"
"625","0","2"
"625","0","3"
"625","0","4"
"626","0","1"
"626","0","2"
"626","0","3"
"627","0","1"
"627","0","2"
"627","0","3"
"628","0","1"
"628","0","2"
"628","0","3"
"629","0","1"
"629","0","2"
"629","0","3"
"629","0","4"
"630","0","1"
"630","0","2"
"630","0","3"
"631","0","1"
"631","0","2"
"631","0","3"
"632","0","1"
"632","0","2"
"632","0","3"
"633","0","1"
"633","0","2"
"633","0","3"
"634","0","1"
"634","0","2"
"634","0","3"
"635","0","1"
"635","0","2"
"635","0","3"
"636","0","1"
"636","0","2"
"636","0","3"
"637","0","1"
"637","0","2"
"637","0","3"
"638","0","1"
"638","0","2"
"638","0","3"
"639","0","1"
"639","0","2"
"639","0","3"
"640","0","1"
"640","0","2"
"640","0","3"
"641","0","1"
"641","0","2"
"641","0","3"
"641","0","4"
"641","0","5"
"642","0","1"
"642","0","2"
"642","0","3"
"642","0","4"
"642","0","5"
"643","0","1"
"643","0","2"
"643","0","3"
"643","0","4"
"643","0","5"
"644","0","1"
"644","0","2"
"644","0","3"
"644","0","4"
"644","0","5"
"645","0","1"
"645","0","2"
"645","0","3"
"645","0","4"
"645","0","5"
"646","0","1"
"646","0","2"
"646","0","3"
"646","0","4"
"646","0","5"
"647","0","1"
"647","0","2"
"647","0","3"
"647","0","4"
"647","0","5"
"648","0","1"
"648","0","2"
"648","0","3"
"648","0","4"
"648","0","5"
"649","0","1"
"649","0","2"
"649","0","3"
"649","0","4"
"649","0","5"
"650","0","1"
"650","0","2"
"650","0","3"
"650","0","4"
"650","0","5"
"651","0","1"
"651","0","2"
"651","0","3"
"651","0","4"
"651","0","5"
"652","0","1"
"652","0","2"
"652","0","3"
"652","0","4"
"652","0","5"
"653","0","1"
"653","0","2"
"653","0","3"
"653","0","4"
"653","0","5"
"654","0","1"
"654","0","2"
"654","0","3"
"654","0","4"
"654","0","5"
"655","0","1"
"655","0","2"
"655","0","3"
"655","0","4"
"655","0","5"
"656","0","1"
"656","0","2"
"656","0","3"
"656","0","4"
"656","0","5"
"657","0","1"
"657","0","2"
"657","0","3"
"657","0","4"
"657","0","5"
"658","0","1"
"658","0","2"
"658","0","3"
"658","0","4"
"658","0","5"
"659","0","1"
"659","0","2"
"659","0","3"
"659","0","4"
"659","0","5"
"660","0","1"
"660","0","2"
"660","0","3"
"660","0","4"
"660","0","5"
"661","0","1"
"661","0","2"
"661","0","3"
"661","0","4"
"661","0","5"
"662","0","1"
"662","0","2"
"662","0","3"
"663","0","1"
"663","0","2"
"663","0","3"
"664","0","1"
"664","0","2"
"664","0","3"
"665","0","1"
"665","0","2"
"665","0","3"
"666","0","1"
"666","0","2"
"666","0","3"
"667","0","1"
"667","0","2"
"667","0","3"
"668","0","1"
"668","0","2"
"668","0","3"
"669","0","1"
"669","0","2"
"669","0","3"
"670","0","1"
"670","0","2"
"670","0","3"
"671","0","1"
"671","0","2"
"671","0","3"
"672","0","1"
"672","0","2"
"672","0","3"
"672","0","4"
"673","0","1"
"673","0","2"
"673","0","3"
"674","0","1"
"674","0","2"
"674","0","3"
"674","0","4"
"675","0","1"
"675","0","2"
"675","0","3"
"675","0","4"
"676","0","1"
"676","0","2"
"676","0","3"
"676","0","4"
"677","0","1"
"677","0","2"
"677","0","3"
"678","0","1"
"678","0","2"
"678","0","3"
"678","0","4"
"679","0","1"
"679","0","2"
"679","0","3"
"679","0","4"
"680","0","1"
"680","0","2"
"680","0","3"
"680","0","4"
"681","0","1"
"681","0","2"
"681","0","3"
"681","0","4"
"682","0","1"
"682","0","2"
"682","0","3"
"682","0","4"
"683","0","1"
"683","0","2"
"683","0","3"
"683","0","4"
"684","0","1"
"684","0","2"
"684","0","3"
"684","0","4"
"685","0","1"
"685","0","2"
"685","0","3"
"685","0","4"
"686","0","1"
"686","0","2"
"686","0","3"
"687","0","1"
"687","0","2"
"687","0","3"
"688","0","1"
"688","0","2"
"688","0","3"
"689","0","1"
"689","0","2"
"689","0","3"
"689","0","4"
"690","0","1"
"690","0","2"
"690","0","3"
"690","0","4"
"691","0","1"
"691","0","2"
"691","0","3"
"691","0","4"
"692","0","1"
"692","0","2"
"692","0","3"
"692","0","4"
"693","0","1"
"693","0","2"
"693","0","3"
"694","0","1"
"694","0","2"
"694","0","3"
"695","0","1"
"695","0","2"
"695","0","3"
"696","0","1"
"696","0","2"
"696","0","3"
"697","0","1"
"697","0","2"
"697","0","3"
"698","0","1"
"698","0","2"
"698","0","3"
"699","0","1"
"699","0","2"
"699","0","3"
"700","0","1"
"700","0","2"
"700","0","3"
"701","0","1"
"701","0","2"
"701","0","3"
"702","0","1"
"702","0","2"
"702","0","3"
"703","0","1"
"703","0","2"
"703","0","3"
"704","0","1"
"704","0","2"
"704","0","3"
"705","0","1"
"705","0","2"
"705","0","3"
"706","0","1"
"706","0","2"
"706","0","3"
"707","0","1"
"707","0","2"
"707","0","3"
"708","0","1"
"708","0","2"
"708","0","3"
"709","0","1"
"709","0","2"
"709","0","3"
"710","0","1"
"710","0","2"
"710","0","3"
"711","0","1"
"711","0","2"
"711","0","3"
"711","0","4"
"711","0","5"
"712","0","1"
"712","0","2"
"712","0","3"
"712","0","4"
"712","0","5"
"713","0","1"
"713","0","2"
"713","0","3"
"713","0","4"
"713","0","5"
"714","0","1"
"714","0","2"
"714","0","3"
"714","0","4"
"714","0","5"
"715","0","1"
"715","0","2"
"715","0","3"
"716","0","1"
"716","0","2"
"716","0","3"
"716","0","4"
"717","0","1"
"717","0","2"
"717","0","3"
"718","0","1"
"718","0","2"
"718","0","3"
"719","0","1"
"719","0","2"
"719","0","3"
"720","0","1"
"720","0","2"
"720","0","3"
"721","0","1"
"721","0","2"
"721","0","3"
"722","0","1"
"722","0","2"
"722","0","3"
"723","0","1"
"723","0","2"
"723","0","3"
"724","0","1"
"724","0","2"
"724","0","3"
"725","0","1"
"725","0","2"
"725","0","3"
"726","0","1"
"726","0","2"
"726","0","3"
"727","0","1"
"727","0","2"
"727","0","3"
"728","0","1"
"728","0","2"
"728","0","3"
"729","0","1"
"729","0","2"
"729","0","3"
"730","0","1"
"730","0","2"
"730","0","3"
"731","0","1"
"731","0","2"
"731","0","3"
"732","0","1"
"732","0","2"
"732","0","3"
"733","0","1"
"733","0","2"
"733","0","3"
"734","0","1"
"734","0","2"
"734","0","3"
"735","0","1"
"735","0","2"
"735","0","3"
"736","0","1"
"736","0","2"
"736","0","3"
"737","0","1"
"737","0","2"
"737","0","3"
"738","0","1"
"738","0","2"
"738","0","3"
"739","0","1"
"739","0","2"
"739","0","3"
"740","0","1"
"740","0","2"
"740","0","3"
"741","0","1"
"741","0","2"
"741","0","3"
"742","0","1"
"742","0","2"
"742","0","3"
"743","0","1"
"743","0","2"
"743","0","3"
"744","0","1"
"744","0","2"
"744","0","3"
"745","0","1"
"745","0","2"
"745","0","3"
"746","0","1"
"746","0","2"
"746","0","3"
"747","0","1"
"747","0","2"
"747","0","3"
"748","0","1"
"748","0","2"
"748","0","3"
"749","0","1"
"749","0","2"
"749","0","3"
"750","0","1"
"750","0","2"
"750","0","3"
"751","0","1"
"751","0","2"
"751","0","3"
"752","0","1"
"752","0","2"
"752","0","3"
"753","0","1"
"753","0","2"
"753","0","3"
"754","0","1"
"754","0","2"
"754","0","3"
"755","0","1"
"755","0","2"
"755","0","3"
"756","0","1"
"756","0","2"
"756","0","3"
"757","0","1"
"757","0","2"
"757","0","3"
"758","0","1"
"758","0","2"
"758","0","3"
"759","0","1"
"759","0","2"
"759","0","3"
"760","0","1"
"760","0","2"
"760","0","3"
"761","0","1"
"761","0","2"
"761","0","3"
"762","0","1"
"762","0","2"
"762","0","3"
"763","0","1"
"763","0","2"
"763","0","3"
"764","0","1"
"764","0","2"
"764","0","3"
"765","0","1"
"765","0","2"
"765","0","3"
"766","0","1"
"766","0","2"
"766","0","3"
"767","0","1"
"767","0","2"
"767","0","3"
"768","0","1"
"768","0","2"
"768","0","3"
"769","0","1"
"769","0","2"
"769","0","3"
"770","0","1"
"770","0","2"
"770","0","3"
"771","0","1"
"771","0","2"
"771","0","3"
"772","0","1"
"772","0","2"
"772","0","3"
"773","0","1"
"773","0","2"
"773","0","3"
"774","0","1"
"774","0","2"
"774","0","3"
"775","0","1"
"775","0","2"
"775","0","3"
"776","0","1"
"776","0","2"
"776","0","3"
"777","0","1"
"777","0","2"
"777","0","3"
"778","0","1"
"778","0","2"
"778","0","3"
"779","0","1"
"779","0","2"
"779","0","3"
"780","0","1"
"780","0","2"
"780","0","3"
"781","0","1"
"781","0","2"
"781","0","3"
"782","0","1"
"782","0","2"
"782","0","3"
"783","0","1"
"783","0","2"
"783","0","3"
"784","0","1"
"784","0","2"
"784","0","3"
"785","0","1"
"785","0","2"
"785","0","3"
"786","0","1"
"786","0","2"
"786","0","3"
"787","0","1"
"787","0","2"
"787","0","3"
"788","0","1"
"788","0","2"
"788","0","3"
"789","0","1"
"789","0","2"
"789","0","3"
"790","0","1"
"790","0","2"
"790","0","3"
"791","0","1"
"791","0","2"
"791","0","3"
"792","0","1"
"792","0","2"
"792","0","3"
"793","0","1"
"793","0","2"
"793","0","3"
"794","0","1"
"794","0","2"
"794","0","3"
"795","0","1"
"795","0","2"
"795","0","3"
"795","0","4"
"796","0","1"
"796","0","2"
"796","0","3"
"796","0","4"
"797","0","1"
"797","0","2"
"797","0","3"
"798","0","1"
"798","0","2"
"798","0","3"
"799","0","1"
"799","0","2"
"799","0","3"
"799","0","4"
"800","0","1"
"800","0","2"
"800","0","3"
"801","0","1"
"801","0","2"
"801","0","3"
"802","0","1"
"802","0","2"
"802","0","3"
"803","0","1"
"803","0","2"
"803","0","3"
"804","0","1"
"804","0","2"
"804","0","3"
"804","0","4"
"805","0","1"
"805","0","2"
"805","0","3"
"805","0","4"
"806","0","1"
"806","0","2"
"806","0","3"
"806","0","4"
"807","0","1"
"807","0","2"
"807","0","3"
"808","0","1"
"808","0","2"
"808","0","3"
"809","0","1"
"809","0","2"
"809","0","3"
"810","0","1"
"810","0","2"
"810","0","3"
"811","0","1"
"811","0","2"
"811","0","3"
"812","0","1"
"812","0","2"
"812","0","3"
"813","0","1"
"813","0","2"
"813","0","3"
"814","0","1"
"814","0","2"
"814","0","3"
"815","0","1"
"815","0","2"
"815","0","3"
"816","0","1"
"816","0","2"
"816","0","3"
"817","0","1"
"817","0","2"
"817","0","3"
"818","0","1"
"818","0","2"
"818","0","3"
"819","0","1"
"819","0","2"
"819","0","3"
"820","0","1"
"820","0","2"
"820","0","3"
"821","0","1"
"821","0","2"
"821","0","3"
"822","0","1"
"822","0","2"
"822","0","3"
"823","0","1"
"823","0","2"
"823","0","3"
"824","0","1"
"824","0","2"
"824","0","3"
"825","0","1"
"825","0","2"
"825","0","3"
"826","0","1"
"826","0","2"
"826","0","3"
"827","0","1"
"827","0","2"
"827","0","3"
"828","0","1"
"828","0","2"
"828","0","3"
"829","0","1"
"829","0","2"
"829","0","3"
"830","0","1"
"830","0","2"
"830","0","3"
"831","0","1"
"831","0","2"
"831","0","3"
"831","0","4"
"831","0","5"
"832","0","1"
"832","0","2"
"832","0","3"
"832","0","4"
"832","0","5"
"832","0","6"
"833","0","1"
"833","0","2"
"833","0","3"
"833","0","4"
"833","0","5"
"834","0","1"
"834","0","2"
"834","0","3"
"834","0","4"
"834","0","5"
"835","0","1"
"835","0","2"
"835","0","3"
"836","0","1"
"836","0","2"
"836","0","3"
"837","0","1"
"837","0","2"
"837","0","3"
"838","0","1"
"838","0","2"
"838","0","3"
"839","0","1"
"839","0","2"
"839","0","3"
"840","0","1"
"840","0","2"
"840","0","3"
"841","0","1"
"841","0","2"
"841","0","3"
"842","0","1"
"842","0","2"
"842","0","3"
"843","0","1"
"843","0","2"
"843","0","3"
"844","0","1"
"844","0","2"
"844","0","3"
"845","0","1"
"845","0","2"
"845","0","3"
"846","0","1"
"846","0","2"
"846","0","3"
"847","0","1"
"847","0","2"
"847","0","3"
"848","0","1"
"848","0","2"
"848","0","3"
"849","0","1"
"849","0","2"
"849","0","3"
"850","0","1"
"850","0","2"
"850","0","3"
"851","0","1"
"851","0","2"
"851","0","3"
"852","0","1"
"852","0","2"
"852","0","3"
"853","0","1"
"853","0","2"
"853","0","3"
"854","0","1"
"854","0","2"
"854","0","3"
"855","0","1"
"855","0","2"
"855","0","3"
"856","0","1"
"856","0","2"
"856","0","3"
"857","0","1"
"857","0","2"
"857","0","3"
"858","0","1"
"858","0","2"
"858","0","3"
"859","0","1"
"859","0","2"
"859","0","3"
"860","0","1"
"860","0","2"
"860","0","3"
"861","0","1"
"861","0","2"
"861","0","3"
"862","0","1"
"862","0","2"
"862","0","3"
"863","0","1"
"863","0","2"
"863","0","3"
"864","0","1"
"864","0","2"
"864","0","3"
"865","0","1"
"865","0","2"
"865","0","3"
"866","0","1"
"866","0","2"
"866","0","3"
"867","0","1"
"867","0","2"
"867","0","3"
"868","0","1"
"868","0","2"
"868","0","3"
"869","0","1"
"869","0","2"
"869","0","3"
"870","0","1"
"870","0","2"
"870","0","3"
"871","0","1"
"871","0","2"
"871","0","3"
"871","0","4"
"871","0","5"
"872","0","1"
"872","0","2"
"872","0","3"
"872","0","4"
"873","0","1"
"873","0","2"
"873","0","3"
"873","0","4"
"874","0","1"
"874","0","2"
"874","0","3"
"875","0","1"
"875","0","2"
"875","0","3"
"876","0","1"
"876","0","2"
"876","0","3"
"877","0","1"
"877","0","2"
"877","0","3"
"878","0","1"
"878","0","2"
"878","0","3"
"879","0","1"
"879","0","2"
"879","0","3"
"880","0","1"
"880","0","2"
"880","0","3"
"881","0","1"
"881","0","2"
"881","0","3"
"882","0","1"
"882","0","2"
"882","0","3"
"883","0","1"
"883","0","2"
"883","0","3"
"884","0","1"
"884","0","2"
"884","0","3"
"885","0","1"
"885","0","2"
"885","0","3"
"886","0","1"
"886","0","2"
"886","0","3"
"887","0","1"
"887","0","2"
"887","0","3"
"888","0","1"
"888","0","2"
"888","0","3"
"889","0","1"
"889","0","2"
"889","0","3"
"890","0","1"
"890","0","2"
"890","0","3"
"891","0","1"
"891","0","2"
"891","0","3"
"892","0","1"
"892","0","2"
"892","0","3"
"893","0","1"
"893","0","2"
"893","0","3"
"894","0","1"
"894","0","2"
"894","0","3"
"895","0","1"
"895","0","2"
"895","0","3"
"896","0","1"
"896","0","2"
"896","0","3"
"897","0","1"
"897","0","2"
"897","0","3"
"898","0","1"
"898","0","2"
"898","0","3"
"899","0","1"
"899","0","2"
"899","0","3"
"900","0","1"
"900","0","2"
"900","0","3"
"901","0","1"
"901","0","2"
"901","0","3"
"902","0","1"
"902","0","2"
"902","0","3"
"903","0","1"
"903","0","2"
"903","0","3"
"904","0","1"
"904","0","2"
"904","0","3"
"905","0","1"
"905","0","2"
"905","0","3"
"906","0","1"
"906","0","2"
"906","0","3"
"907","0","1"
"907","0","2"
"907","0","3"
"908","0","1"
"908","0","2"
"908","0","3"
"909","0","1"
"909","0","2"
"909","0","3"
"910","0","1"
"910","0","2"
"910","0","3"
"911","0","1"
"911","0","2"
"911","0","3"
"912","0","1"
"912","0","2"
"912","0","3"
"913","0","1"
"913","0","2"
"913","0","3"
"914","0","1"
"914","0","2"
"914","0","3"
"915","0","1"
"915","0","2"
"915","0","3"
"916","0","1"
"916","0","2"
"916","0","3"
"917","0","1"
"917","0","2"
"917","0","3"
"918","0","1"
"918","0","2"
"918","0","3"
"919","0","1"
"919","0","2"
"919","0","3"
"920","0","1"
"920","0","2"
"920","0","3"
"920","0","4"
"921","0","1"
"921","0","2"
"921","0","3"
"921","0","4"
"922","0","1"
"922","0","2"
"922","0","3"
"922","0","4"
"922","0","5"
"923","0","1"
"923","0","2"
"923","0","3"
"923","0","4"
"923","0","5"
"924","0","1"
"924","0","2"
"924","0","3"
"924","0","4"
"925","0","1"
"925","0","2"
"925","0","3"
"925","0","4"
"926","0","1"
"926","0","2"
"926","0","3"
"926","0","4"
"927","0","1"
"927","0","2"
"927","0","3"
"927","0","4"
"928","0","1"
"928","0","2"
"928","0","3"
"928","0","4"
"928","0","5"
"928","0","6"
"928","0","7"
"929","0","1"
"929","0","2"
"929","0","3"
"930","0","1"
"930","0","2"
"930","0","3"
"931","0","1"
"931","0","2"
"931","0","3"
"932","0","1"
"932","0","2"
"932","0","3"
"933","0","1"
"933","0","2"
"933","0","3"
"934","0","1"
"934","0","2"
"934","0","3"
"935","0","1"
"935","0","2"
"935","0","3"
"936","0","1"
"936","0","2"
"936","0","3"
"937","0","1"
"937","0","2"
"937","0","3"
"938","0","1"
"938","0","2"
"938","0","3"
"939","0","1"
"939","0","2"
"939","0","3"
"939","0","4"
"939","0","5"
"940","0","1"
"940","0","2"
"940","0","3"
"940","0","4"
"940","0","5"
"941","0","1"
"941","0","2"
"941","0","3"
"941","0","4"
"941","0","5"
"942","0","1"
"942","0","2"
"942","0","3"
"942","0","4"
"942","0","5"
"943","0","1"
"943","0","2"
"943","0","3"
"943","0","4"
"943","0","5"
"944","0","1"
"944","0","2"
"944","0","3"
"944","0","4"
"945","0","1"
"945","0","2"
"945","0","3"
"945","0","4"
"946","0","1"
"946","0","2"
"946","0","3"
"946","0","4"
"947","0","1"
"947","0","2"
"947","0","3"
"947","0","4"
"947","0","5"
"948","0","1"
"948","0","2"
"948","0","3"
"948","0","4"
"948","0","5"
"949","0","1"
"949","0","2"
"949","0","3"
"949","0","4"
"950","0","1"
"950","0","2"
"950","0","3"
"951","0","1"
"951","0","2"
"951","0","3"
"952","0","1"
"952","0","2"
"952","0","3"
"952","0","4"
"953","0","1"
"953","0","2"
"953","0","3"
"954","0","1"
"954","0","2"
"954","0","3"
"955","0","1"
"955","0","2"
"955","0","3"
"956","0","1"
"956","0","2"
"956","0","3"
"956","0","4"
"956","0","5"
"957","0","1"
"957","0","2"
"957","0","3"
"957","0","4"
"958","0","1"
"958","0","2"
"958","0","3"
"958","0","4"
"959","0","1"
"959","0","2"
"959","0","3"
"959","0","4"
"960","0","1"
"960","0","2"
"960","0","3"
"960","0","4"
"961","0","1"
"961","0","2"
"961","0","3"
"961","0","4"
"962","0","1"
"962","0","2"
"962","0","3"
"962","0","4"
"963","0","1"
"963","0","2"
"963","0","3"
"963","0","4"
"964","0","1"
"964","0","2"
"964","0","3"
"964","0","4"
"965","0","1"
"965","0","2"
"965","0","3"
"965","0","4"
"966","0","1"
"966","0","2"
"966","0","3"
"966","0","4"
"967","0","1"
"967","0","2"
"967","0","3"
"967","0","4"
"967","0","5"
"968","0","1"
"968","0","2"
"968","0","3"
"968","0","4"
"968","0","5"
"969","0","1"
"969","0","2"
"969","0","3"
"969","0","4"
"969","0","5"
"970","0","1"
"970","0","2"
"970","0","3"
"970","0","4"
"970","0","5"
"971","0","1"
"971","0","2"
"971","0","3"
"972","0","1"
"972","0","2"
"972","0","3"
"973","0","1"
"973","0","2"
"973","0","3"
"973","0","4"
"974","0","1"
"974","0","2"
"974","0","3"
"975","0","1"
"975","0","2"
"975","0","3"
"976","0","1"
"976","0","2"
"976","0","3"
"977","0","1"
"977","0","2"
"977","0","3"
"978","0","1"
"978","0","2"
"978","0","3"
"978","0","4"
"979","0","1"
"979","0","2"
"979","0","3"
"979","0","4"
"980","0","1"
"980","0","2"
"980","0","3"
"980","0","4"
"981","0","1"
"981","0","2"
"981","0","3"
"981","0","4"
"982","0","1"
"982","0","2"
"982","0","3"
"982","0","4"
"983","0","1"
"983","0","2"
"983","0","3"
"983","0","4"
"984","0","1"
"984","0","2"
"984","0","3"
"984","0","4"
"985","0","1"
"985","0","2"
"985","0","3"
"985","0","4"
"986","0","1"
"986","0","2"
"986","0","3"
"986","0","4"
"987","0","1"
"987","0","2"
"987","0","3"
"988","0","1"
"988","0","2"
"988","0","3"
"989","0","1"
"989","0","2"
"989","0","3"
"990","0","1"
"990","0","2"
"990","0","3"
"991","0","1"
"991","0","2"
"991","0","3"
"992","0","1"
"992","0","2"
"992","0","3"
"993","0","1"
"993","0","2"
"993","0","3"
"993","0","4"
"993","0","5"
"994","0","1"
"994","0","2"
"994","0","3"
"994","0","4"
"994","0","5"
"995","0","1"
"995","0","2"
"995","0","3"
"995","0","4"
"995","0","5"
"996","0","1"
"996","0","2"
"996","0","3"
"996","0","4"
"997","0","1"
"997","0","2"
"997","0","3"
"997","0","4"
"998","0","1"
"998","0","2"
"998","0","3"
"998","0","4"
"999","0","1"
"999","0","2"
"999","0","3"
"999","0","4"
"1000","0","1"
"1000","0","2"
"1000","0","3"
"1001","0","1"
"1001","0","2"
"1001","0","3"
"1002","0","1"
"1002","0","2"
"1002","0","3"
"1002","0","4"
"1003","0","1"
"1003","0","2"
"1003","0","3"
"1003","0","4"
"1004","0","1"
"1004","0","2"
"1004","0","3"
"1004","0","4"
"1004","0","5"
"1004","0","6"
"1005","0","1"
"1005","0","2"
"1005","0","3"
"1005","0","4"
"1005","0","5"
"1005","0","6"
"1005","0","7"
"1006","0","1"
"1006","0","2"
"1006","0","3"
"1007","0","1"
"1007","0","2"
"1007","0","3"
"1008","0","1"
"1008","0","2"
"1008","0","3"
"1009","0","1"
"1009","0","2"
"1009","0","3"
"1010","0","1"
"1010","0","2"
"1010","0","3"
"1011","0","1"
"1011","0","2"
"1011","0","3"
"1012","0","1"
"1012","0","2"
"1012","0","3"
"1013","0","1"
"1013","0","2"
"1013","0","3"
"1014","0","1"
"1014","0","2"
"1014","0","3"
"1015","0","1"
"1015","0","2"
"1015","0","3"
"1016","0","1"
"1016","0","2"
"1016","0","3"
"1017","0","1"
"1017","0","2"
"1017","0","3"
"1018","0","1"
"1018","0","2"
"1018","0","3"
"1019","0","1"
"1019","0","2"
"1019","0","3"
"1020","0","1"
"1020","0","2"
"1020","0","3"
"1021","0","1"
"1021","0","2"
"1021","0","3"
"1022","0","1"
"1022","0","2"
"1022","0","3"
"1023","0","1"
"1023","0","2"
"1023","0","3"
"1024","0","1"
"1024","0","2"
"1024","0","3"
"1025","0","1"
"1025","0","2"
"1025","0","3"
"1026","0","1"
"1026","0","2"
"1026","0","3"
"1027","0","1"
"1027","0","2"
"1027","0","3"
"1028","0","1"
"1028","0","2"
"1028","0","3"
"1029","0","1"
"1029","0","2"
"1029","0","3"
"1030","0","1"
"1030","0","2"
"1030","0","3"
"1031","0","1"
"1031","0","2"
"1031","0","3"
"1032","0","1"
"1032","0","2"
"1032","0","3"
"1033","0","1"
"1033","0","2"
"1033","0","3"
"1034","0","1"
"1034","0","2"
"1034","0","3"
"1035","0","1"
"1035","0","2"
"1035","0","3"
"1036","0","1"
"1036","0","2"
"1036","0","3"
"1037","0","1"
"1037","0","2"
"1037","0","3"
"1038","0","1"
"1038","0","2"
"1038","0","3"
"1039","0","1"
"1039","0","2"
"1039","0","3"
"1040","0","1"
"1040","0","2"
"1040","0","3"
"1041","0","1"
"1041","0","2"
"1041","0","3"
"1042","0","1"
"1042","0","2"
"1042","0","3"
"1043","0","1"
"1043","0","2"
"1043","0","3"
"1044","0","1"
"1044","0","2"
"1044","0","3"
"1045","0","1"
"1045","0","2"
"1045","0","3"
"1046","0","1"
"1046","0","2"
"1046","0","3"
"1047","0","1"
"1047","0","2"
"1047","0","3"
"1048","0","1"
"1048","0","2"
"1048","0","3"
"1048","0","4"
"1049","0","1"
"1049","0","2"
"1049","0","3"
"1050","0","1"
"1050","0","2"
"1050","0","3"
"1051","0","1"
"1051","0","2"
"1051","0","3"
"1052","0","1"
"1052","0","2"
"1052","0","3"
"1053","0","1"
"1053","0","2"
"1053","0","3"
"1054","0","1"
"1054","0","2"
"1054","0","3"
"1055","0","1"
"1055","0","2"
"1055","0","3"
"1056","0","1"
"1056","0","2"
"1056","0","3"
"1056","0","4"
"1057","0","1"
"1057","0","2"
"1057","0","3"
"1058","0","1"
"1058","0","2"
"1058","0","3"
"1059","0","1"
"1059","0","2"
"1059","0","3"
"1060","0","1"
"1060","0","2"
"1060","0","3"
"1061","0","1"
"1061","0","2"
"1061","0","3"
"1062","0","1"
"1062","0","2"
"1062","0","3"
"1063","0","1"
"1063","0","2"
"1063","0","3"
"1064","0","1"
"1064","0","2"
"1064","0","3"
"1065","0","1"
"1065","0","2"
"1065","0","3"
"1066","0","1"
"1066","0","2"
"1066","0","3"
"1067","0","1"
"1067","0","2"
"1067","0","3"
"1068","0","1"
"1068","0","2"
"1068","0","3"
"1069","0","1"
"1069","0","2"
"1069","0","3"
"1070","0","1"
"1070","0","2"
"1070","0","3"
"1071","0","1"
"1071","0","2"
"1071","0","3"
"1072","0","1"
"1072","0","2"
"1072","0","3"
"1073","0","1"
"1073","0","2"
"1073","0","3"
"1074","0","1"
"1074","0","2"
"1074","0","3"
"1075","0","1"
"1075","0","2"
"1075","0","3"
"1076","0","1"
"1076","0","2"
"1076","0","3"
"1077","0","1"
"1077","0","2"
"1077","0","3"
"1078","0","1"
"1078","0","2"
"1078","0","3"
"1079","0","1"
"1079","0","2"
"1079","0","3"
"1079","0","4"
"1080","0","1"
"1080","0","2"
"1080","0","3"
"1081","0","1"
"1081","0","2"
"1081","0","3"
"1082","0","1"
"1082","0","2"
"1082","0","3"
"1083","0","1"
"1083","0","2"
"1083","0","3"
"1084","0","1"
"1084","0","2"
"1084","0","3"
"1085","0","1"
"1085","0","2"
"1085","0","3"
"1086","0","1"
"1086","0","2"
"1086","0","3"
"1087","0","1"
"1087","0","2"
"1087","0","3"
"1088","0","1"
"1088","0","2"
"1088","0","3"
"1089","0","1"
"1089","0","2"
"1089","0","3"
"1090","0","1"
"1090","0","2"
"1090","0","3"
"1090","0","4"
"1091","0","1"
"1091","0","2"
"1091","0","3"
"1091","0","4"
"1092","0","1"
"1092","0","2"
"1092","0","3"
"1092","0","4"
"1093","0","1"
"1093","0","2"
"1093","0","3"
"1094","0","1"
"1094","0","2"
"1094","0","3"
"1095","0","1"
"1095","0","2"
"1095","0","3"
"1096","0","1"
"1096","0","2"
"1096","0","3"
"1097","0","1"
"1097","0","2"
"1097","0","3"
"1098","0","1"
"1098","0","2"
"1098","0","3"
"1099","0","1"
"1099","0","2"
"1099","0","3"
"1099","0","4"
"1100","0","1"
"1100","0","2"
"1100","0","3"
"1100","0","4"
"1101","0","1"
"1101","0","2"
"1101","0","3"
"1101","0","4"
"1102","0","1"
"1102","0","2"
"1102","0","3"
"1102","0","4"
"1102","0","5"
"1102","0","6"
"1102","0","7"
"1103","0","1"
"1103","0","2"
"1103","0","3"
"1104","0","1"
"1104","0","2"
"1104","0","3"
"1105","0","1"
"1105","0","2"
"1105","0","3"
"1105","0","4"
"1106","0","1"
"1106","0","2"
"1106","0","3"
"1106","0","4"
"1107","0","1"
"1107","0","2"
"1107","0","3"
"1107","0","4"
"1108","0","1"
"1108","0","2"
"1108","0","3"
"1108","0","4"
"1109","0","1"
"1109","0","2"
"1109","0","3"
"1109","0","4"
"1110","0","1"
"1110","0","2"
"1110","0","3"
"1110","0","4"
"1111","0","1"
"1111","0","2"
"1111","0","3"
"1112","0","1"
"1112","0","2"
"1112","0","3"
"1113","0","1"
"1113","0","2"
"1113","0","3"
"1113","0","4"
"1114","0","1"
"1114","0","2"
"1114","0","3"
"1114","0","4"
"1115","0","1"
"1115","0","2"
"1115","0","3"
"1116","0","1"
"1116","0","2"
"1116","0","3"
"1117","0","1"
"1117","0","2"
"1117","0","3"
"1117","0","4"
"1118","0","1"
"1118","0","2"
"1118","0","3"
"1118","0","4"
"1119","0","1"
"1119","0","2"
"1119","0","3"
"1119","0","4"
"1120","0","1"
"1120","0","2"
"1120","0","3"
"1120","0","4"
"1121","0","1"
"1121","0","2"
"1121","0","3"
"1121","0","4"
"1122","0","1"
"1122","0","2"
"1122","0","3"
"1122","0","4"
"1123","0","1"
"1123","0","2"
"1123","0","3"
"1123","0","4"
"1124","0","1"
"1124","0","2"
"1124","0","3"
"1124","0","4"
"1125","0","1"
"1125","0","2"
"1125","0","3"
"1125","0","4"
"1126","0","1"
"1126","0","2"
"1126","0","3"
"1126","0","4"
"1127","0","1"
"1127","0","2"
"1127","0","3"
"1127","0","4"
"1128","0","1"
"1128","0","2"
"1128","0","3"
"1128","0","4"
"1129","0","1"
"1129","0","2"
"1129","0","3"
"1129","0","4"
"1130","0","1"
"1130","0","2"
"1130","0","3"
"1130","0","4"
"1131","0","1"
"1131","0","2"
"1131","0","3"
"1131","0","4"
"1132","0","1"
"1132","0","2"
"1132","0","3"
"1132","0","4"
"1133","0","1"
"1133","0","2"
"1133","0","3"
"1133","0","4"
"1134","0","1"
"1134","0","2"
"1134","0","3"
"1134","0","4"
"1135","0","1"
"1135","0","2"
"1135","0","3"
"1135","0","4"
"1136","0","1"
"1136","0","2"
"1136","0","3"
"1136","0","4"
"1137","0","1"
"1137","0","2"
"1137","0","3"
"1137","0","4"
"1138","0","1"
"1138","0","2"
"1138","0","3"
"1138","0","4"
"1139","0","1"
"1139","0","2"
"1139","0","3"
"1139","0","4"
"1139","0","5"
"1140","0","1"
"1140","0","2"
"1140","0","3"
"1140","0","4"
"1140","0","5"
"1141","0","1"
"1141","0","2"
"1141","0","3"
"1141","0","4"
"1142","0","1"
"1142","0","2"
"1142","0","3"
"1142","0","4"
"1142","0","5"
"1143","0","1"
"1143","0","2"
"1143","0","3"
"1143","0","4"
"1143","0","5"
"1144","0","1"
"1144","0","2"
"1144","0","3"
"1144","0","4"
"1144","0","5"
"1145","0","1"
"1145","0","2"
"1145","0","3"
"1146","0","1"
"1146","0","2"
"1146","0","3"
"1147","0","1"
"1147","0","2"
"1147","0","3"
"1148","0","1"
"1148","0","2"
"1148","0","3"
"1149","0","1"
"1149","0","2"
"1149","0","3"
"1150","0","1"
"1150","0","2"
"1150","0","3"
"1151","0","1"
"1151","0","2"
"1151","0","3"
"1152","0","1"
"1152","0","2"
"1152","0","3"
"1153","0","1"
"1153","0","2"
"1153","0","3"
"1154","0","1"
"1154","0","2"
"1154","0","3"
"1155","0","1"
"1155","0","2"
"1155","0","3"
"1156","0","1"
"1156","0","2"
"1156","0","3"
"1156","0","4"
"1157","0","1"
"1157","0","2"
"1157","0","3"
"1158","0","1"
"1158","0","2"
"1158","0","3"
"1159","0","1"
"1159","0","2"
"1159","0","3"
"1160","0","1"
"1160","0","2"
"1160","0","3"
"1161","0","1"
"1161","0","2"
"1161","0","3"
"1162","0","1"
"1162","0","2"
"1162","0","3"
"1163","0","1"
"1163","0","2"
"1163","0","3"
"1164","0","1"
"1164","0","2"
"1164","0","3"
"1164","0","4"
"1164","0","5"
"1165","0","1"
"1165","0","2"
"1165","0","3"
"1165","0","4"
"1165","0","5"
"1166","0","1"
"1166","0","2"
"1166","0","3"
"1166","0","4"
"1166","0","5"
"1167","0","1"
"1167","0","2"
"1167","0","3"
"1167","0","4"
"1167","0","5"
"1168","0","1"
"1168","0","2"
"1168","0","3"
"1168","0","4"
"1168","0","5"
"1169","0","1"
"1169","0","2"
"1169","0","3"
"1169","0","4"
"1169","0","5"
"1170","0","1"
"1170","0","2"
"1170","0","3"
"1170","0","4"
"1170","0","5"
"1171","0","1"
"1171","0","2"
"1171","0","3"
"1171","0","4"
"1171","0","5"
"1172","0","1"
"1172","0","2"
"1172","0","3"
"1172","0","4"
"1172","0","5"
"1173","0","1"
"1173","0","2"
"1173","0","3"
"1173","0","4"
"1173","0","5"
"1174","0","1"
"1174","0","2"
"1174","0","3"
"1174","0","4"
"1174","0","5"
"1175","0","1"
"1175","0","2"
"1175","0","3"
"1175","0","4"
"1175","0","5"
"1176","0","1"
"1176","0","2"
"1176","0","3"
"1177","0","1"
"1177","0","2"
"1177","0","3"
"1178","0","1"
"1178","0","2"
"1178","0","3"
"1178","0","4"
"1179","0","1"
"1179","0","2"
"1179","0","3"
"1179","0","4"
"1180","0","1"
"1180","0","2"
"1180","0","3"
"1181","0","1"
"1181","0","2"
"1181","0","3"
"1181","0","4"
"1182","0","1"
"1182","0","2"
"1182","0","3"
"1183","0","1"
"1183","0","2"
"1183","0","3"
"1184","0","1"
"1184","0","2"
"1184","0","3"
"1184","0","4"
"1185","0","1"
"1185","0","2"
"1185","0","3"
"1185","0","4"
"1186","0","1"
"1186","0","2"
"1186","0","3"
"1186","0","4"
"1187","0","1"
"1187","0","2"
"1187","0","3"
"1187","0","4"
"1188","0","1"
"1188","0","2"
"1188","0","3"
"1188","0","4"
"1189","0","1"
"1189","0","2"
"1189","0","3"
"1190","0","1"
"1190","0","2"
"1190","0","3"
"1191","0","1"
"1191","0","2"
"1191","0","3"
"1192","0","1"
"1192","0","2"
"1192","0","3"
"1193","0","1"
"1193","0","2"
"1193","0","3"
"1194","0","1"
"1194","0","2"
"1194","0","3"
"1194","0","4"
"1195","0","1"
"1195","0","2"
"1195","0","3"
"1196","0","1"
"1196","0","2"
"1196","0","3"
"1197","0","1"
"1197","0","2"
"1197","0","3"
"1198","0","1"
"1198","0","2"
"1198","0","3"
"1199","0","1"
"1199","0","2"
"1199","0","3"
"1199","0","4"
"1200","0","1"
"1200","0","2"
"1200","0","3"
"1201","0","1"
"1201","0","2"
"1201","0","3"
"1201","0","4"
"1202","0","1"
"1202","0","2"
"1202","0","3"
"1202","0","4"
"1203","0","1"
"1203","0","2"
"1203","0","3"
"1203","0","4"
"1204","0","1"
"1204","0","2"
"1204","0","3"
"1204","0","4"
"1205","0","1"
"1205","0","2"
"1205","0","3"
"1205","0","4"
"1206","0","1"
"1206","0","2"
"1206","0","3"
"1206","0","4"
"1207","0","1"
"1207","0","2"
"1207","0","3"
"1207","0","4"
"1208","0","1"
"1208","0","2"
"1208","0","3"
"1208","0","4"
"1209","0","1"
"1209","0","2"
"1209","0","3"
"1209","0","4"
"1210","0","1"
"1210","0","2"
"1210","0","3"
"1210","0","4"
"1211","0","1"
"1211","0","2"
"1211","0","3"
"1211","0","4"
"1212","0","1"
"1212","0","2"
"1212","0","3"
"1212","0","4"
"1213","0","1"
"1213","0","2"
"1213","0","3"
"1213","0","4"
"1214","0","1"
"1214","0","2"
"1214","0","3"
"1214","0","4"
"1215","0","1"
"1215","0","2"
"1215","0","3"
"1215","0","4"
"1216","0","1"
"1216","0","2"
"1216","0","3"
"1216","0","4"
"1217","0","1"
"1217","0","2"
"1217","0","3"
"1217","0","4"
"1218","0","1"
"1218","0","2"
"1218","0","3"
"1218","0","4"
"1219","0","1"
"1219","0","2"
"1219","0","3"
"1219","0","4"
"1220","0","1"
"1220","0","2"
"1220","0","3"
"1220","0","4"
"1221","0","1"
"1221","0","2"
"1221","0","3"
"1221","0","4"
"1222","0","1"
"1222","0","2"
"1222","0","3"
"1222","0","4"
"1222","0","5"
"1222","0","6"
"1222","0","7"
"1223","0","1"
"1223","0","2"
"1223","0","3"
"1223","0","4"
"1223","0","5"
"1223","0","6"
"1223","0","7"
"1224","0","1"
"1224","0","2"
"1224","0","3"
"1224","0","4"
"1224","0","5"
"1224","0","6"
"1224","0","7"
"1225","0","1"
"1225","0","2"
"1225","0","3"
"1225","0","4"
"1225","0","5"
"1225","0","6"
"1225","0","7"
"1226","0","1"
"1226","0","2"
"1226","0","3"
"1226","0","4"
"1226","0","5"
"1226","0","6"
"1226","0","7"
"1227","0","1"
"1227","0","2"
"1227","0","3"
"1227","0","4"
"1227","0","5"
"1227","0","6"
"1227","0","7"
"1228","0","1"
"1228","0","2"
"1228","0","3"
"1229","0","1"
"1229","0","2"
"1229","0","3"
"1230","0","1"
"1230","0","2"
"1230","0","3"
"1231","0","1"
"1231","0","2"
"1231","0","3"
"1232","0","1"
"1232","0","2"
"1232","0","3"
"1233","0","1"
"1233","0","2"
"1233","0","3"
"1234","0","1"
"1234","0","2"
"1234","0","3"
"1235","0","1"
"1235","0","2"
"1235","0","3"
"1236","0","1"
"1236","0","2"
"1236","0","3"
"1237","0","1"
"1237","0","2"
"1237","0","3"
"1238","0","1"
"1238","0","2"
"1238","0","3"
"1239","0","1"
"1239","0","2"
"1239","0","3"
"1240","0","1"
"1240","0","2"
"1240","0","3"
"1241","0","1"
"1241","0","2"
"1241","0","3"
"1242","0","1"
"1242","0","2"
"1242","0","3"
"1243","0","1"
"1243","0","2"
"1243","0","3"
"1244","0","1"
"1244","0","2"
"1244","0","3"
"1245","0","1"
"1245","0","2"
"1245","0","3"
"1246","0","1"
"1246","0","2"
"1246","0","3"
"1247","0","1"
"1247","0","2"
"1247","0","3"
"1248","0","1"
"1248","0","2"
"1248","0","3"
"1248","0","4"
"1249","0","1"
"1249","0","2"
"1249","0","3"
"1249","0","4"
"1250","0","1"
"1250","0","2"
"1250","0","3"
"1251","0","1"
"1251","0","2"
"1251","0","3"
"1252","0","1"
"1252","0","2"
"1252","0","3"
"1253","0","1"
"1253","0","2"
"1253","0","3"
"1253","0","4"
"1254","0","1"
"1254","0","2"
"1254","0","3"
"1254","0","4"
"1255","0","1"
"1255","0","2"
"1255","0","3"
"1255","0","4"
"1256","0","1"
"1256","0","2"
"1256","0","3"
"1256","0","4"
"1257","0","1"
"1257","0","2"
"1257","0","3"
"1258","0","1"
"1258","0","2"
"1258","0","3"
"1259","0","1"
"1259","0","2"
"1259","0","3"
"1260","0","1"
"1260","0","2"
"1260","0","3"
"1260","0","4"
"1261","0","1"
"1261","0","2"
"1261","0","3"
"1261","0","4"
"1262","0","1"
"1262","0","2"
"1262","0","3"
"1262","0","4"
"1263","0","1"
"1263","0","2"
"1263","0","3"
"1263","0","4"
"1264","0","1"
"1264","0","2"
"1264","0","3"
"1264","0","4"
"1265","0","1"
"1265","0","2"
"1265","0","3"
"1265","0","4"
"1266","0","1"
"1266","0","2"
"1266","0","3"
"1267","0","1"
"1267","0","2"
"1267","0","3"
"1268","0","1"
"1268","0","2"
"1268","0","3"
"1269","0","1"
"1269","0","2"
"1269","0","3"
"1270","0","1"
"1270","0","2"
"1270","0","3"
"1271","0","1"
"1271","0","2"
"1271","0","3"
"1272","0","1"
"1272","0","2"
"1272","0","3"
"1273","0","1"
"1273","0","2"
"1273","0","3"
"1274","0","1"
"1274","0","2"
"1274","0","3"
"1275","0","1"
"1275","0","2"
"1275","0","3"
"1276","0","1"
"1276","0","2"
"1276","0","3"
"1277","0","1"
"1277","0","2"
"1277","0","3"
"1278","0","1"
"1278","0","2"
"1278","0","3"
"1279","0","1"
"1279","0","2"
"1279","0","3"
"1280","0","1"
"1280","0","2"
"1280","0","3"
"1280","0","4"
"1280","0","5"
"1280","0","6"
"1281","0","1"
"1281","0","2"
"1281","0","3"
"1281","0","4"
"1281","0","5"
"1281","0","6"
"1282","0","1"
"1282","0","2"
"1282","0","3"
"1282","0","4"
"1282","0","5"
"1282","0","6"
"1283","0","1"
"1283","0","2"
"1283","0","3"
"1283","0","4"
"1283","0","5"
"1283","0","6"
"1284","0","1"
"1284","0","2"
"1284","0","3"
"1284","0","4"
"1284","0","5"
"1284","0","6"
"1285","0","1"
"1285","0","2"
"1285","0","3"
"1285","0","4"
"1285","0","5"
"1285","0","6"
"1286","0","1"
"1286","0","2"
"1286","0","3"
"1286","0","4"
"1286","0","5"
"1286","0","6"
"1287","0","1"
"1287","0","2"
"1287","0","3"
"1287","0","4"
"1287","0","5"
"1287","0","6"
"1288","0","1"
"1288","0","2"
"1288","0","3"
"1288","0","4"
"1288","0","5"
"1288","0","6"
"1289","0","1"
"1289","0","2"
"1289","0","3"
"1289","0","4"
"1289","0","5"
"1289","0","6"
"1290","0","1"
"1290","0","2"
"1290","0","3"
"1290","0","4"
"1290","0","5"
"1290","0","6"
"1291","0","1"
"1291","0","2"
"1291","0","3"
"1292","0","1"
"1292","0","2"
"1292","0","3"
"1292","0","4"
"1293","0","1"
"1293","0","2"
"1293","0","3"
"1294","0","1"
"1294","0","2"
"1294","0","3"
"1295","0","1"
"1295","0","2"
"1295","0","3"
"1295","0","4"
"1296","0","1"
"1296","0","2"
"1296","0","3"
"1296","0","4"
"1297","0","1"
"1297","0","2"
"1297","0","3"
"1298","0","1"
"1298","0","2"
"1298","0","3"
"1298","0","4"
"1299","0","1"
"1299","0","2"
"1299","0","3"
"1299","0","4"
"1300","0","1"
"1300","0","2"
"1300","0","3"
"1300","0","4"
"1301","0","1"
"1301","0","2"
"1301","0","3"
"1302","0","1"
"1302","0","2"
"1302","0","3"
"1303","0","1"
"1303","0","2"
"1303","0","3"
"1303","0","4"
"1304","0","1"
"1304","0","2"
"1304","0","3"
"1305","0","1"
"1305","0","2"
"1305","0","3"
"1306","0","1"
"1306","0","2"
"1306","0","3"
"1307","0","1"
"1307","0","2"
"1307","0","3"
"1308","0","1"
"1308","0","2"
"1308","0","3"
"1309","0","1"
"1309","0","2"
"1309","0","3"
"1309","0","4"
"1310","0","1"
"1310","0","2"
"1310","0","3"
"1311","0","1"
"1311","0","2"
"1311","0","3"
"1312","0","1"
"1312","0","2"
"1312","0","3"
"1313","0","1"
"1313","0","2"
"1313","0","3"
"1314","0","1"
"1314","0","2"
"1314","0","3"
"1315","0","1"
"1315","0","2"
"1315","0","3"
"1316","0","1"
"1316","0","2"
"1316","0","3"
"1316","0","4"
"1317","0","1"
"1317","0","2"
"1317","0","3"
"1317","0","4"
"1318","0","1"
"1318","0","2"
"1318","0","3"
"1318","0","4"
"1318","0","5"
"1319","0","1"
"1319","0","2"
"1319","0","3"
"1320","0","1"
"1320","0","2"
"1320","0","3"
"1321","0","1"
"1321","0","2"
"1321","0","3"
"1322","0","1"
"1322","0","2"
"1322","0","3"
"1323","0","1"
"1323","0","2"
"1323","0","3"
"1323","0","4"
"1323","0","5"
"1324","0","1"
"1324","0","2"
"1324","0","3"
"1324","0","4"
"1325","0","1"
"1325","0","2"
"1325","0","3"
"1325","0","4"
"1326","0","1"
"1326","0","2"
"1326","0","3"
"1326","0","4"
"1327","0","1"
"1327","0","2"
"1327","0","3"
"1327","0","4"
"1328","0","1"
"1328","0","2"
"1328","0","3"
"1328","0","4"
"1329","0","1"
"1329","0","2"
"1329","0","3"
"1330","0","1"
"1330","0","2"
"1330","0","3"
"1331","0","1"
"1331","0","2"
"1331","0","3"
"1332","0","1"
"1332","0","2"
"1332","0","3"
"1333","0","1"
"1333","0","2"
"1333","0","3"
"1334","0","1"
"1334","0","2"
"1334","0","3"
"1335","0","1"
"1335","0","2"
"1335","0","3"
"1336","0","1"
"1336","0","2"
"1336","0","3"
"1337","0","1"
"1337","0","2"
"1337","0","3"
"1338","0","1"
"1338","0","2"
"1338","0","3"
"1339","0","1"
"1339","0","2"
"1339","0","3"
"1340","0","1"
"1340","0","2"
"1340","0","3"
"1341","0","1"
"1341","0","2"
"1341","0","3"
"1341","0","4"
"1341","0","5"
"1341","0","6"
"1342","0","1"
"1342","0","2"
"1342","0","3"
"1343","0","1"
"1343","0","2"
"1343","0","3"
"1344","0","1"
"1344","0","2"
"1344","0","3"
"1345","0","1"
"1345","0","2"
"1345","0","3"
"1345","0","4"
"1345","0","5"
"1345","0","6"
"1346","0","1"
"1346","0","2"
"1346","0","3"
"1346","0","4"
"1346","0","5"
"1346","0","6"
"1347","0","1"
"1347","0","2"
"1347","0","3"
"1347","0","4"
"1347","0","5"
"1347","0","6"
"1348","0","1"
"1348","0","2"
"1348","0","3"
"1348","0","4"
"1349","0","1"
"1349","0","2"
"1349","0","3"
"1350","0","1"
"1350","0","2"
"1350","0","3"
"1351","0","1"
"1351","0","2"
"1351","0","3"
"1352","0","1"
"1352","0","2"
"1352","0","3"
"1353","0","1"
"1353","0","2"
"1353","0","3"
"1354","0","1"
"1354","0","2"
"1354","0","3"
"1355","0","1"
"1355","0","2"
"1355","0","3"
"1356","0","1"
"1356","0","2"
"1356","0","3"
"1357","0","1"
"1357","0","2"
"1357","0","3"
"1357","0","4"
"1357","0","5"
"1357","0","6"
"1358","0","1"
"1358","0","2"
"1358","0","3"
"1358","0","4"
"1358","0","5"
"1358","0","6"
"1359","0","1"
"1359","0","2"
"1359","0","3"
"1360","0","1"
"1360","0","2"
"1360","0","3"
"1361","0","1"
"1361","0","2"
"1361","0","3"
"1362","0","1"
"1362","0","2"
"1362","0","3"
"1363","0","1"
"1363","0","2"
"1363","0","3"
"1363","0","4"
"1364","0","1"
"1364","0","2"
"1364","0","3"
"1364","0","4"
"1365","0","1"
"1365","0","2"
"1365","0","3"
"1365","0","4"
"1365","0","5"
"1365","0","6"
"1365","0","7"
"1366","0","1"
"1366","0","2"
"1366","0","3"
"1367","0","1"
"1367","0","2"
"1367","0","3"
"1368","0","1"
"1368","0","2"
"1368","0","3"
"1369","0","1"
"1369","0","2"
"1369","0","3"
"1370","0","1"
"1370","0","2"
"1370","0","3"
"1371","0","1"
"1371","0","2"
"1371","0","3"
"1372","0","1"
"1372","0","2"
"1372","0","3"
"1373","0","1"
"1373","0","2"
"1373","0","3"
"1374","0","1"
"1374","0","2"
"1374","0","3"
"1375","0","1"
"1375","0","2"
"1375","0","3"
"1375","0","4"
"1376","0","1"
"1376","0","2"
"1376","0","3"
"1377","0","1"
"1377","0","2"
"1377","0","3"
"1378","0","1"
"1378","0","2"
"1378","0","3"
"1379","0","1"
"1379","0","2"
"1379","0","3"
"1380","0","1"
"1380","0","2"
"1380","0","3"
"1381","0","1"
"1381","0","2"
"1381","0","3"
"1382","0","1"
"1382","0","2"
"1382","0","3"
"1383","0","1"
"1383","0","2"
"1383","0","3"
"1384","0","1"
"1384","0","2"
"1384","0","3"
"1385","0","1"
"1385","0","2"
"1385","0","3"
"1385","0","4"
"1385","0","5"
"1385","0","6"
"1386","0","1"
"1386","0","2"
"1386","0","3"
"1386","0","4"
"1386","0","5"
"1386","0","6"
"1387","0","1"
"1387","0","2"
"1387","0","3"
"1388","0","1"
"1388","0","2"
"1388","0","3"
"1389","0","1"
"1389","0","2"
"1389","0","3"
"1390","0","1"
"1390","0","2"
"1390","0","3"
"1390","0","4"
"1391","0","1"
"1391","0","2"
"1391","0","3"
"1391","0","4"
"1392","0","1"
"1392","0","2"
"1392","0","3"
"1392","0","4"
"1393","0","1"
"1393","0","2"
"1393","0","3"
"1393","0","4"
"1394","0","1"
"1394","0","2"
"1394","0","3"
"1394","0","4"
"1395","0","1"
"1395","0","2"
"1395","0","3"
"1395","0","4"
"1396","0","1"
"1396","0","2"
"1396","0","3"
"1396","0","4"
"1397","0","1"
"1397","0","2"
"1397","0","3"
"1397","0","4"
"1398","0","1"
"1398","0","2"
"1398","0","3"
"1398","0","4"
"1399","0","1"
"1399","0","2"
"1399","0","3"
"1399","0","4"
"1400","0","1"
"1400","0","2"
"1400","0","3"
"1400","0","4"
"1401","0","1"
"1401","0","2"
"1401","0","3"
"1401","0","4"
"1402","0","1"
"1402","0","2"
"1402","0","3"
"1402","0","4"
"1403","0","1"
"1403","0","2"
"1403","0","3"
"1403","0","4"
"1404","0","1"
"1404","0","2"
"1404","0","3"
"1404","0","4"
"1405","0","1"
"1405","0","2"
"1405","0","3"
"1405","0","4"
"1406","0","1"
"1406","0","2"
"1406","0","3"
"1406","0","4"
"1407","0","1"
"1407","0","2"
"1407","0","3"
"1407","0","4"
"1408","0","1"
"1408","0","2"
"1408","0","3"
"1409","0","1"
"1409","0","2"
"1409","0","3"
"1410","0","1"
"1410","0","2"
"1410","0","3"
"1411","0","1"
"1411","0","2"
"1411","0","3"
"1412","0","1"
"1412","0","2"
"1412","0","3"
"1412","0","4"
"1412","0","5"
"1413","0","1"
"1413","0","2"
"1413","0","3"
"1413","0","4"
"1413","0","5"
"1414","0","1"
"1414","0","2"
"1414","0","3"
"1415","0","1"
"1415","0","2"
"1415","0","3"
"1416","0","1"
"1416","0","2"
"1416","0","3"
"1417","0","1"
"1417","0","2"
"1417","0","3"
"1418","0","1"
"1418","0","2"
"1418","0","3"
"1419","0","1"
"1419","0","2"
"1419","0","3"
"1420","0","1"
"1420","0","2"
"1420","0","3"
"1421","0","1"
"1421","0","2"
"1421","0","3"
"1422","0","1"
"1422","0","2"
"1422","0","3"
"1423","0","1"
"1423","0","2"
"1423","0","3"
"1424","0","1"
"1424","0","2"
"1424","0","3"
"1425","0","1"
"1425","0","2"
"1425","0","3"
"1426","0","1"
"1426","0","2"
"1426","0","3"
"1426","0","4"
"1426","0","5"
"1426","0","6"
"1427","0","1"
"1427","0","2"
"1427","0","3"
"1428","0","1"
"1428","0","2"
"1428","0","3"
"1429","0","1"
"1429","0","2"
"1429","0","3"
"1430","0","1"
"1430","0","2"
"1430","0","3"
"1430","0","4"
"1431","0","1"
"1431","0","2"
"1431","0","3"
"1431","0","4"
"1432","0","1"
"1432","0","2"
"1432","0","3"
"1432","0","4"
"1433","0","1"
"1433","0","2"
"1433","0","3"
"1434","0","1"
"1434","0","2"
"1434","0","3"
"1435","0","1"
"1435","0","2"
"1435","0","3"
"1436","0","1"
"1436","0","2"
"1436","0","3"
"1437","0","1"
"1437","0","2"
"1437","0","3"
"1438","0","1"
"1438","0","2"
"1438","0","3"
"1439","0","1"
"1439","0","2"
"1439","0","3"
"1440","0","1"
"1440","0","2"
"1440","0","3"
"1441","0","1"
"1441","0","2"
"1441","0","3"
"1442","0","1"
"1442","0","2"
"1442","0","3"
"1443","0","1"
"1443","0","2"
"1443","0","3"
"1444","0","1"
"1444","0","2"
"1444","0","3"
"1445","0","1"
"1445","0","2"
"1445","0","3"
"1446","0","1"
"1446","0","2"
"1446","0","3"
"1447","0","1"
"1447","0","2"
"1447","0","3"
"1448","0","1"
"1448","0","2"
"1448","0","3"
"1449","0","1"
"1449","0","2"
"1449","0","3"
"1450","0","1"
"1450","0","2"
"1450","0","3"
"1450","0","4"
"1451","0","1"
"1451","0","2"
"1451","0","3"
"1451","0","4"
"1452","0","1"
"1452","0","2"
"1452","0","3"
"1452","0","4"
"1453","0","1"
"1453","0","2"
"1453","0","3"
"1453","0","4"
"1454","0","1"
"1454","0","2"
"1454","0","3"
"1454","0","4"
"1455","0","1"
"1455","0","2"
"1455","0","3"
"1455","0","4"
"1456","0","1"
"1456","0","2"
"1456","0","3"
"1456","0","4"
"1457","0","1"
"1457","0","2"
"1457","0","3"
"1457","0","4"
"1458","0","1"
"1458","0","2"
"1458","0","3"
"1458","0","4"
"1459","0","1"
"1459","0","2"
"1459","0","3"
"1459","0","4"
"1460","0","1"
"1460","0","2"
"1460","0","3"
"1460","0","4"
"1461","0","1"
"1461","0","2"
"1461","0","3"
"1461","0","4"
"1462","0","1"
"1462","0","2"
"1462","0","3"
"1463","0","1"
"1463","0","2"
"1463","0","3"
"1463","0","4"
"1464","0","1"
"1464","0","2"
"1464","0","3"
"1465","0","1"
"1465","0","2"
"1465","0","3"
"1466","0","1"
"1466","0","2"
"1466","0","3"
"1467","0","1"
"1467","0","2"
"1467","0","3"
"1468","0","1"
"1468","0","2"
"1468","0","3"
"1468","0","4"
"1469","0","1"
"1469","0","2"
"1469","0","3"
"1469","0","4"
"1470","0","1"
"1470","0","2"
"1470","0","3"
"1470","0","4"
"1471","0","1"
"1471","0","2"
"1471","0","3"
"1471","0","4"
"1472","0","1"
"1472","0","2"
"1472","0","3"
"1472","0","4"
"1473","0","1"
"1473","0","2"
"1473","0","3"
"1473","0","4"
"1474","0","1"
"1474","0","2"
"1474","0","3"
"1474","0","4"
"1475","0","1"
"1475","0","2"
"1475","0","3"
"1475","0","4"
"1476","0","1"
"1476","0","2"
"1476","0","3"
"1476","0","4"
"1477","0","1"
"1477","0","2"
"1477","0","3"
"1477","0","4"
"1478","0","1"
"1478","0","2"
"1478","0","3"
"1478","0","4"
"1479","0","1"
"1479","0","2"
"1479","0","3"
"1479","0","4"
"1480","0","1"
"1480","0","2"
"1480","0","3"
"1480","0","4"
"1481","0","1"
"1481","0","2"
"1481","0","3"
"1481","0","4"
"1482","0","1"
"1482","0","2"
"1482","0","3"
"1482","0","4"
"1483","0","1"
"1483","0","2"
"1483","0","3"
"1483","0","4"
"1484","0","1"
"1484","0","2"
"1484","0","3"
"1484","0","4"
"1485","0","1"
"1485","0","2"
"1485","0","3"
"1485","0","4"
"1486","0","1"
"1486","0","2"
"1486","0","3"
"1486","0","4"
"1487","0","1"
"1487","0","2"
"1487","0","3"
"1487","0","4"
"1488","0","1"
"1488","0","2"
"1488","0","3"
"1489","0","1"
"1489","0","2"
"1489","0","3"
"1490","0","1"
"1490","0","2"
"1490","0","3"
"1491","0","1"
"1491","0","2"
"1491","0","3"
"1492","0","1"
"1492","0","2"
"1492","0","3"
"1493","0","1"
"1493","0","2"
"1493","0","3"
"1494","0","1"
"1494","0","2"
"1494","0","3"
"1495","0","1"
"1495","0","2"
"1495","0","3"
"1496","0","1"
"1496","0","2"
"1496","0","3"
"1497","0","1"
"1497","0","2"
"1497","0","3"
"1498","0","1"
"1498","0","2"
"1498","0","3"
"1499","0","1"
"1499","0","2"
"1499","0","3"
"1500","0","1"
"1500","0","2"
"1500","0","3"
"1501","0","1"
"1501","0","2"
"1501","0","3"
"1502","0","1"
"1502","0","2"
"1502","0","3"
"1503","0","1"
"1503","0","2"
"1503","0","3"
"1504","0","1"
"1504","0","2"
"1504","0","3"
"1505","0","1"
"1505","0","2"
"1505","0","3"
"1506","0","1"
"1506","0","2"
"1506","0","3"
"1507","0","1"
"1507","0","2"
"1507","0","3"
"1508","0","1"
"1508","0","2"
"1508","0","3"
"1509","0","1"
"1509","0","2"
"1509","0","3"
"1510","0","1"
"1510","0","2"
"1510","0","3"
"1510","0","4"
"1511","0","1"
"1511","0","2"
"1511","0","3"
"1511","0","4"
"1512","0","1"
"1512","0","2"
"1512","0","3"
"1512","0","4"
"1513","0","1"
"1513","0","2"
"1513","0","3"
"1513","0","4"
"1514","0","1"
"1514","0","2"
"1514","0","3"
"1515","0","1"
"1515","0","2"
"1515","0","3"
"1516","0","1"
"1516","0","2"
"1516","0","3"
"1517","0","1"
"1517","0","2"
"1517","0","3"
"1518","0","1"
"1518","0","2"
"1518","0","3"
"1519","0","1"
"1519","0","2"
"1519","0","3"
"1520","0","1"
"1520","0","2"
"1520","0","3"
"1521","0","1"
"1521","0","2"
"1521","0","3"
"1521","0","4"
"1522","0","1"
"1522","0","2"
"1522","0","3"
"1522","0","4"
"1523","0","1"
"1523","0","2"
"1523","0","3"
"1523","0","4"
"1524","0","1"
"1524","0","2"
"1524","0","3"
"1524","0","4"
"1525","0","1"
"1525","0","2"
"1525","0","3"
"1525","0","4"
"1525","0","5"
"1526","0","1"
"1526","0","2"
"1526","0","3"
"1526","0","4"
"1526","0","5"
"1527","0","1"
"1527","0","2"
"1527","0","3"
"1527","0","4"
"1527","0","5"
"1528","0","1"
"1528","0","2"
"1528","0","3"
"1528","0","4"
"1528","0","5"
"1529","0","1"
"1529","0","2"
"1529","0","3"
"1529","0","4"
"1529","0","5"
"1530","0","1"
"1530","0","2"
"1530","0","3"
"1530","0","4"
"1530","0","5"
"1531","0","1"
"1531","0","2"
"1531","0","3"
"1531","0","4"
"1531","0","5"
"1532","0","1"
"1532","0","2"
"1532","0","3"
"1532","0","4"
"1532","0","5"
"1533","0","1"
"1533","0","2"
"1533","0","3"
"1534","0","1"
"1534","0","2"
"1534","0","3"
"1535","0","1"
"1535","0","2"
"1535","0","3"
"1536","0","1"
"1536","0","2"
"1536","0","3"
"1537","0","1"
"1537","0","2"
"1537","0","3"
"1538","0","1"
"1538","0","2"
"1538","0","3"
"1539","0","1"
"1539","0","2"
"1539","0","3"
"1540","0","1"
"1540","0","2"
"1540","0","3"
"1541","0","1"
"1541","0","2"
"1541","0","3"
"1542","0","1"
"1542","0","2"
"1542","0","3"
"1543","0","1"
"1543","0","2"
"1543","0","3"
"1544","0","1"
"1544","0","2"
"1544","0","3"
"1545","0","1"
"1545","0","2"
"1545","0","3"
"1546","0","1"
"1546","0","2"
"1546","0","3"
"1547","0","1"
"1547","0","2"
"1547","0","3"
"1548","0","1"
"1548","0","2"
"1548","0","3"
"1549","0","1"
"1549","0","2"
"1549","0","3"
"1550","0","1"
"1550","0","2"
"1550","0","3"
"1551","0","1"
"1551","0","2"
"1551","0","3"
"1551","0","4"
"1552","0","1"
"1552","0","2"
"1552","0","3"
"1552","0","4"
"1553","0","1"
"1553","0","2"
"1553","0","3"
"1553","0","4"
"1554","0","1"
"1554","0","2"
"1554","0","3"
"1554","0","4"
"1555","0","1"
"1555","0","2"
"1555","0","3"
"1555","0","4"
"1556","0","1"
"1556","0","2"
"1556","0","3"
"1557","0","1"
"1557","0","2"
"1557","0","3"
"1558","0","1"
"1558","0","2"
"1558","0","3"
"1559","0","1"
"1559","0","2"
"1559","0","3"
"1559","0","4"
"1560","0","1"
"1560","0","2"
"1560","0","3"
"1560","0","4"
"1561","0","1"
"1561","0","2"
"1561","0","3"
"1561","0","4"
"1562","0","1"
"1562","0","2"
"1562","0","3"
"1562","0","4"
"1563","0","1"
"1563","0","2"
"1563","0","3"
"1563","0","4"
"1564","0","1"
"1564","0","2"
"1564","0","3"
"1565","0","1"
"1565","0","2"
"1565","0","3"
"1565","0","4"
"1566","0","1"
"1566","0","2"
"1566","0","3"
"1567","0","1"
"1567","0","2"
"1567","0","3"
"1568","0","1"
"1568","0","2"
"1568","0","3"
"1568","0","4"
"1569","0","1"
"1569","0","2"
"1569","0","3"
"1570","0","1"
"1570","0","2"
"1570","0","3"
"1571","0","1"
"1571","0","2"
"1571","0","3"
"1571","0","4"
"1572","0","1"
"1572","0","2"
"1572","0","3"
"1572","0","4"
"1573","0","1"
"1573","0","2"
"1573","0","3"
"1573","0","4"
"1574","0","1"
"1574","0","2"
"1574","0","3"
"1574","0","4"
"1574","0","5"
"1575","0","1"
"1575","0","2"
"1575","0","3"
"1575","0","4"
"1575","0","5"
"1576","0","1"
"1576","0","2"
"1576","0","3"
"1576","0","4"
"1576","0","5"
"1577","0","1"
"1577","0","2"
"1577","0","3"
"1577","0","4"
"1577","0","5"
"1578","0","1"
"1578","0","2"
"1578","0","3"
"1578","0","4"
"1578","0","5"
"1579","0","1"
"1579","0","2"
"1579","0","3"
"1579","0","4"
"1579","0","5"
"1580","0","1"
"1580","0","2"
"1580","0","3"
"1580","0","4"
"1580","0","5"
"1581","0","1"
"1581","0","2"
"1581","0","3"
"1581","0","4"
"1581","0","5"
"1582","0","1"
"1582","0","2"
"1582","0","3"
"1582","0","4"
"1582","0","5"
"1583","0","1"
"1583","0","2"
"1583","0","3"
"1583","0","4"
"1583","0","5"
"1584","0","1"
"1584","0","2"
"1584","0","3"
"1584","0","4"
"1585","0","1"
"1585","0","2"
"1585","0","3"
"1585","0","4"
"1586","0","1"
"1586","0","2"
"1586","0","3"
"1586","0","4"
"1587","0","1"
"1587","0","2"
"1587","0","3"
"1587","0","4"
"1588","0","1"
"1588","0","2"
"1588","0","3"
"1588","0","4"
"1589","0","1"
"1589","0","2"
"1589","0","3"
"1589","0","4"
"1590","0","1"
"1590","0","2"
"1590","0","3"
"1591","0","1"
"1591","0","2"
"1591","0","3"
"1592","0","1"
"1592","0","2"
"1592","0","3"
"1593","0","1"
"1593","0","2"
"1593","0","3"
"1594","0","1"
"1594","0","2"
"1594","0","3"
"1595","0","1"
"1595","0","2"
"1595","0","3"
"1596","0","1"
"1596","0","2"
"1596","0","3"
"1597","0","1"
"1597","0","2"
"1597","0","3"
"1598","0","1"
"1598","0","2"
"1598","0","3"
"1599","0","1"
"1599","0","2"
"1599","0","3"
"1600","0","1"
"1600","0","2"
"1600","0","3"
"1601","0","1"
"1601","0","2"
"1601","0","3"
"1602","0","1"
"1602","0","2"
"1602","0","3"
"1603","0","1"
"1603","0","2"
"1603","0","3"
"1603","0","4"
"1603","0","5"
"1604","0","1"
"1604","0","2"
"1604","0","3"
"1604","0","4"
"1604","0","5"
"1605","0","1"
"1605","0","2"
"1605","0","3"
"1606","0","1"
"1606","0","2"
"1606","0","3"
"1606","0","4"
"1606","0","5"
"1606","0","6"
"1606","0","7"
"1607","0","1"
"1607","0","2"
"1607","0","3"
"1607","0","4"
"1607","0","5"
"1607","0","6"
"1607","0","7"
"1608","0","1"
"1608","0","2"
"1608","0","3"
"1609","0","1"
"1609","0","2"
"1609","0","3"
"1610","0","1"
"1610","0","2"
"1610","0","3"
"1610","0","4"
"1611","0","1"
"1611","0","2"
"1611","0","3"
"1611","0","4"
"1612","0","1"
"1612","0","2"
"1612","0","3"
"1612","0","4"
"1613","0","1"
"1613","0","2"
"1613","0","3"
"1614","0","1"
"1614","0","2"
"1614","0","3"
"1615","0","1"
"1615","0","2"
"1615","0","3"
"1615","0","4"
"1615","0","5"
"1616","0","1"
"1616","0","2"
"1616","0","3"
"1617","0","1"
"1617","0","2"
"1617","0","3"
"1618","0","1"
"1618","0","2"
"1618","0","3"
"1619","0","1"
"1619","0","2"
"1619","0","3"
"1620","0","1"
"1620","0","2"
"1620","0","3"
"1621","0","1"
"1621","0","2"
"1621","0","3"
"1622","0","1"
"1622","0","2"
"1622","0","3"
"1623","0","1"
"1623","0","2"
"1623","0","3"
"1624","0","1"
"1624","0","2"
"1624","0","3"
"1625","0","1"
"1625","0","2"
"1625","0","3"
"1626","0","1"
"1626","0","2"
"1626","0","3"
"1627","0","1"
"1627","0","2"
"1627","0","3"
"1628","0","1"
"1628","0","2"
"1628","0","3"
"1629","0","1"
"1629","0","2"
"1629","0","3"
"1630","0","1"
"1630","0","2"
"1630","0","3"
"1631","0","1"
"1631","0","2"
"1631","0","3"
"1632","0","1"
"1632","0","2"
"1632","0","3"
"1633","0","1"
"1633","0","2"
"1633","0","3"
"1634","0","1"
"1634","0","2"
"1634","0","3"
"1635","0","1"
"1635","0","2"
"1635","0","3"
"1636","0","1"
"1636","0","2"
"1636","0","3"
"1637","0","1"
"1637","0","2"
"1637","0","3"
"1638","0","1"
"1638","0","2"
"1638","0","3"
"1639","0","1"
"1639","0","2"
"1639","0","3"
"1640","0","1"
"1640","0","2"
"1640","0","3"
"1641","0","1"
"1641","0","2"
"1641","0","3"
"1642","0","1"
"1642","0","2"
"1642","0","3"
"1643","0","1"
"1643","0","2"
"1643","0","3"
"1644","0","1"
"1644","0","2"
"1644","0","3"
"1645","0","1"
"1645","0","2"
"1645","0","3"
"1646","0","1"
"1646","0","2"
"1646","0","3"
"1647","0","1"
"1647","0","2"
"1647","0","3"
"1648","0","1"
"1648","0","2"
"1648","0","3"
"1649","0","1"
"1649","0","2"
"1649","0","3"
"1650","0","1"
"1650","0","2"
"1650","0","3"
"1651","0","1"
"1651","0","2"
"1651","0","3"
"1652","0","1"
"1652","0","2"
"1652","0","3"
"1653","0","1"
"1653","0","2"
"1653","0","3"
"1654","0","1"
"1654","0","2"
"1654","0","3"
"1655","0","1"
"1655","0","2"
"1655","0","3"
"1655","0","4"
"1655","0","5"
"1655","0","6"
"1655","0","7"
"1656","0","1"
"1656","0","2"
"1656","0","3"
"1656","0","4"
"1656","0","5"
"1656","0","6"
"1656","0","7"
"1657","0","1"
"1657","0","2"
"1657","0","3"
"1657","0","4"
"1657","0","5"
"1657","0","6"
"1657","0","7"
"1658","0","1"
"1658","0","2"
"1658","0","3"
"1659","0","1"
"1659","0","2"
"1659","0","3"
"1660","0","1"
"1660","0","2"
"1660","0","3"
"1661","0","1"
"1661","0","2"
"1661","0","3"
"1662","0","1"
"1662","0","2"
"1662","0","3"
"1663","0","1"
"1663","0","2"
"1663","0","3"
"1664","0","1"
"1664","0","2"
"1664","0","3"
"1665","0","1"
"1665","0","2"
"1665","0","3"
"1666","0","1"
"1666","0","2"
"1666","0","3"
"1667","0","1"
"1667","0","2"
"1667","0","3"
"1668","0","1"
"1668","0","2"
"1668","0","3"
"1669","0","1"
"1669","0","2"
"1669","0","3"
"1670","0","1"
"1670","0","2"
"1670","0","3"
"1671","0","1"
"1671","0","2"
"1671","0","3"
"1672","0","1"
"1672","0","2"
"1672","0","3"
"1673","0","1"
"1673","0","2"
"1673","0","3"
"1674","0","1"
"1674","0","2"
"1674","0","3"
"1675","0","1"
"1675","0","2"
"1675","0","3"
"1676","0","1"
"1676","0","2"
"1676","0","3"
"1677","0","1"
"1677","0","2"
"1677","0","3"
"1678","0","1"
"1678","0","2"
"1678","0","3"
"1678","0","4"
"1679","0","1"
"1679","0","2"
"1679","0","3"
"1680","0","1"
"1680","0","2"
"1680","0","3"
"1681","0","1"
"1681","0","2"
"1681","0","3"
"1682","0","1"
"1682","0","2"
"1682","0","3"
"1683","0","1"
"1683","0","2"
"1683","0","3"
"1684","0","1"
"1684","0","2"
"1684","0","3"
"1684","0","4"
"1685","0","1"
"1685","0","2"
"1685","0","3"
"1686","0","1"
"1686","0","2"
"1686","0","3"
"1687","0","1"
"1687","0","2"
"1687","0","3"
"1688","0","1"
"1688","0","2"
"1688","0","3"
"1689","0","1"
"1689","0","2"
"1689","0","3"
"1690","0","1"
"1690","0","2"
"1690","0","3"
"1691","0","1"
"1691","0","2"
"1691","0","3"
"1692","0","1"
"1692","0","2"
"1692","0","3"
"1693","0","1"
"1693","0","2"
"1693","0","3"
"1694","0","1"
"1694","0","2"
"1694","0","3"
"1695","0","1"
"1695","0","2"
"1695","0","3"
"1696","0","1"
"1696","0","2"
"1696","0","3"
"1697","0","1"
"1697","0","2"
"1697","0","3"
"1698","0","1"
"1698","0","2"
"1698","0","3"
"1699","0","1"
"1699","0","2"
"1699","0","3"
"1700","0","1"
"1700","0","2"
"1700","0","3"
"1701","0","1"
"1701","0","2"
"1701","0","3"
"1702","0","1"
"1702","0","2"
"1702","0","3"
"1703","0","1"
"1703","0","2"
"1703","0","3"
"1704","0","1"
"1704","0","2"
"1704","0","3"
"1705","0","1"
"1705","0","2"
"1705","0","3"
"1706","0","1"
"1706","0","2"
"1706","0","3"
"1706","0","4"
"1707","0","1"
"1707","0","2"
"1707","0","3"
"1708","0","1"
"1708","0","2"
"1708","0","3"
"1708","0","4"
"1709","0","1"
"1709","0","2"
"1709","0","3"
"1709","0","4"
"1710","0","1"
"1710","0","2"
"1710","0","3"
"1710","0","4"
"1711","0","1"
"1711","0","2"
"1711","0","3"
"1711","0","4"
"1712","0","1"
"1712","0","2"
"1712","0","3"
"1712","0","4"
"1713","0","1"
"1713","0","2"
"1713","0","3"
"1714","0","1"
"1714","0","2"
"1714","0","3"
"1715","0","1"
"1715","0","2"
"1715","0","3"
"1715","0","4"
"1716","0","1"
"1716","0","2"
"1716","0","3"
"1716","0","4"
"1717","0","1"
"1717","0","2"
"1717","0","3"
"1718","0","1"
"1718","0","2"
"1718","0","3"
"1719","0","1"
"1719","0","2"
"1719","0","3"
"1720","0","1"
"1720","0","2"
"1720","0","3"
"1721","0","1"
"1721","0","2"
"1721","0","3"
"1721","0","4"
"1721","0","5"
"1721","0","6"
"1722","0","1"
"1722","0","2"
"1722","0","3"
"1722","0","4"
"1722","0","5"
"1722","0","6"
"1723","0","1"
"1723","0","2"
"1723","0","3"
"1723","0","4"
"1723","0","5"
"1723","0","6"
"1724","0","1"
"1724","0","2"
"1724","0","3"
"1724","0","4"
"1724","0","5"
"1724","0","6"
"1725","0","1"
"1725","0","2"
"1725","0","3"
"1726","0","1"
"1726","0","2"
"1726","0","3"
"1726","0","4"
"1726","0","5"
"1727","0","1"
"1727","0","2"
"1727","0","3"
"1728","0","1"
"1728","0","2"
"1728","0","3"
"1729","0","1"
"1729","0","2"
"1729","0","3"
"1730","0","1"
"1730","0","2"
"1730","0","3"
"1731","0","1"
"1731","0","2"
"1731","0","3"
"1732","0","1"
"1732","0","2"
"1732","0","3"
"1733","0","1"
"1733","0","2"
"1733","0","3"
"1734","0","1"
"1734","0","2"
"1734","0","3"
"1735","0","1"
"1735","0","2"
"1735","0","3"
"1736","0","1"
"1736","0","2"
"1736","0","3"
"1737","0","1"
"1737","0","2"
"1737","0","3"
"1737","0","4"
"1738","0","1"
"1738","0","2"
"1738","0","3"
"1739","0","1"
"1739","0","2"
"1739","0","3"
"1740","0","1"
"1740","0","2"
"1740","0","3"
"1741","0","1"
"1741","0","2"
"1741","0","3"
"1742","0","1"
"1742","0","2"
"1742","0","3"
"1743","0","1"
"1743","0","2"
"1743","0","3"
"1744","0","1"
"1744","0","2"
"1744","0","3"
"1745","0","1"
"1745","0","2"
"1745","0","3"
"1746","0","1"
"1746","0","2"
"1746","0","3"
"1747","0","1"
"1747","0","2"
"1747","0","3"
"1748","0","1"
"1748","0","2"
"1748","0","3"
"1749","0","1"
"1749","0","2"
"1749","0","3"
"1750","0","1"
"1750","0","2"
"1750","0","3"
"1751","0","1"
"1751","0","2"
"1751","0","3"
"1752","0","1"
"1752","0","2"
"1752","0","3"
"1753","0","1"
"1753","0","2"
"1753","0","3"
"1754","0","1"
"1754","0","2"
"1754","0","3"
"1755","0","1"
"1755","0","2"
"1755","0","3"
"1756","0","1"
"1756","0","2"
"1756","0","3"
"1757","0","1"
"1757","0","2"
"1757","0","3"
"1758","0","1"
"1758","0","2"
"1758","0","3"
"1758","0","4"
"1759","0","1"
"1759","0","2"
"1759","0","3"
"1760","0","1"
"1760","0","2"
"1760","0","3"
"1761","0","1"
"1761","0","2"
"1761","0","3"
"1762","0","1"
"1762","0","2"
"1762","0","3"
"1762","0","4"
"1762","0","5"
"1763","0","1"
"1763","0","2"
"1763","0","3"
"1763","0","4"
"1763","0","5"
"1764","0","1"
"1764","0","2"
"1764","0","3"
"1765","0","1"
"1765","0","2"
"1765","0","3"
"1766","0","1"
"1766","0","2"
"1766","0","3"
"1767","0","1"
"1767","0","2"
"1767","0","3"
"1768","0","1"
"1768","0","2"
"1768","0","3"
"1769","0","1"
"1769","0","2"
"1769","0","3"
"1770","0","1"
"1770","0","2"
"1770","0","3"
"1771","0","1"
"1771","0","2"
"1771","0","3"
"1772","0","1"
"1772","0","2"
"1772","0","3"
"1773","0","1"
"1773","0","2"
"1773","0","3"
"1774","0","1"
"1774","0","2"
"1774","0","3"
"1774","0","4"
"1775","0","1"
"1775","0","2"
"1775","0","3"
"1775","0","4"
"1776","0","1"
"1776","0","2"
"1776","0","3"
"1777","0","1"
"1777","0","2"
"1777","0","3"
"1778","0","1"
"1778","0","2"
"1778","0","3"
"1778","0","4"
"1778","0","5"
"1778","0","6"
"1779","0","1"
"1779","0","2"
"1779","0","3"
"1780","0","1"
"1780","0","2"
"1780","0","3"
"1781","0","1"
"1781","0","2"
"1781","0","3"
"1782","0","1"
"1782","0","2"
"1782","0","3"
"1783","0","1"
"1783","0","2"
"1783","0","3"
"1784","0","1"
"1784","0","2"
"1784","0","3"
"1785","0","1"
"1785","0","2"
"1785","0","3"
"1786","0","1"
"1786","0","2"
"1786","0","3"
"1787","0","1"
"1787","0","2"
"1787","0","3"
"1788","0","1"
"1788","0","2"
"1788","0","3"
"1788","0","4"
"1789","0","1"
"1789","0","2"
"1789","0","3"
"1789","0","4"
"1790","0","1"
"1790","0","2"
"1790","0","3"
"1791","0","1"
"1791","0","2"
"1791","0","3"
"1792","0","1"
"1792","0","2"
"1792","0","3"
"1793","0","1"
"1793","0","2"
"1793","0","3"
"1794","0","1"
"1794","0","2"
"1794","0","3"
"1794","0","4"
"1795","0","1"
"1795","0","2"
"1795","0","3"
"1795","0","4"
"1796","0","1"
"1796","0","2"
"1796","0","3"
"1796","0","4"
"1797","0","1"
"1797","0","2"
"1797","0","3"
"1797","0","4"
"1798","0","1"
"1798","0","2"
"1798","0","3"
"1798","0","4"
"1798","0","5"
"1799","0","1"
"1799","0","2"
"1799","0","3"
"1799","0","4"
"1800","0","1"
"1800","0","2"
"1800","0","3"
"1800","0","4"
"1801","0","1"
"1801","0","2"
"1801","0","3"
"1802","0","1"
"1802","0","2"
"1802","0","3"
"1803","0","1"
"1803","0","2"
"1803","0","3"
"1804","0","1"
"1804","0","2"
"1804","0","3"
"1805","0","1"
"1805","0","2"
"1805","0","3"
"1806","0","1"
"1806","0","2"
"1806","0","3"
"1807","0","1"
"1807","0","2"
"1807","0","3"
"1807","0","4"
"1808","0","1"
"1808","0","2"
"1808","0","3"
"1808","0","4"
"1809","0","1"
"1809","0","2"
"1809","0","3"
"1810","0","1"
"1810","0","2"
"1810","0","3"
"1810","0","4"
"1811","0","1"
"1811","0","2"
"1811","0","3"
"1811","0","4"
"1812","0","1"
"1812","0","2"
"1812","0","3"
"1812","0","4"
"1813","0","1"
"1813","0","2"
"1813","0","3"
"1813","0","4"
"1814","0","1"
"1814","0","2"
"1814","0","3"
"1814","0","4"
"1815","0","1"
"1815","0","2"
"1815","0","3"
"1815","0","4"
"1816","0","1"
"1816","0","2"
"1816","0","3"
"1816","0","4"
"1817","0","1"
"1817","0","2"
"1817","0","3"
"1817","0","4"
"1818","0","1"
"1818","0","2"
"1818","0","3"
"1819","0","1"
"1819","0","2"
"1819","0","3"
"1820","0","1"
"1820","0","2"
"1820","0","3"
"1821","0","1"
"1821","0","2"
"1821","0","3"
"1822","0","1"
"1822","0","2"
"1822","0","3"
"1823","0","1"
"1823","0","2"
"1823","0","3"
"1824","0","1"
"1824","0","2"
"1824","0","3"
"1825","0","1"
"1825","0","2"
"1825","0","3"
"1826","0","1"
"1826","0","2"
"1826","0","3"
"1826","0","4"
"1827","0","1"
"1827","0","2"
"1827","0","3"
"1827","0","4"
"1827","0","5"
"1828","0","1"
"1828","0","2"
"1828","0","3"
"1828","0","4"
"1829","0","1"
"1829","0","2"
"1829","0","3"
"1830","0","1"
"1830","0","2"
"1830","0","3"
"1831","0","1"
"1831","0","2"
"1831","0","3"
"1832","0","1"
"1832","0","2"
"1832","0","3"
"1833","0","1"
"1833","0","2"
"1833","0","3"
"1834","0","1"
"1834","0","2"
"1834","0","3"
"1835","0","1"
"1835","0","2"
"1835","0","3"
"1836","0","1"
"1836","0","2"
"1836","0","3"
"1837","0","1"
"1837","0","2"
"1837","0","3"
"1838","0","1"
"1838","0","2"
"1838","0","3"
"1839","0","1"
"1839","0","2"
"1839","0","3"
"1840","0","1"
"1840","0","2"
"1840","0","3"
"1841","0","1"
"1841","0","2"
"1841","0","3"
"1842","0","1"
"1842","0","2"
"1842","0","3"
"1843","0","1"
"1843","0","2"
"1843","0","3"
"1844","0","1"
"1844","0","2"
"1844","0","3"
"1845","0","1"
"1845","0","2"
"1845","0","3"
"1846","0","1"
"1846","0","2"
"1846","0","3"
"1847","0","1"
"1847","0","2"
"1847","0","3"
"1848","0","1"
"1848","0","2"
"1848","0","3"
"1849","0","1"
"1849","0","2"
"1849","0","3"
"1850","0","1"
"1850","0","2"
"1850","0","3"
"1850","0","4"
"1851","0","1"
"1851","0","2"
"1851","0","3"
"1851","0","4"
"1852","0","1"
"1852","0","2"
"1852","0","3"
"1852","0","4"
"1853","0","1"
"1853","0","2"
"1853","0","3"
"1854","0","1"
"1854","0","2"
"1854","0","3"
"1855","0","1"
"1855","0","2"
"1855","0","3"
"1856","0","1"
"1856","0","2"
"1856","0","3"
"1857","0","1"
"1857","0","2"
"1857","0","3"
"1858","0","1"
"1858","0","2"
"1858","0","3"
"1859","0","1"
"1859","0","2"
"1859","0","3"
"1860","0","1"
"1860","0","2"
"1860","0","3"
"1861","0","1"
"1861","0","2"
"1861","0","3"
"1862","0","1"
"1862","0","2"
"1862","0","3"
"1863","0","1"
"1863","0","2"
"1863","0","3"
"1863","0","4"
"1864","0","1"
"1864","0","2"
"1864","0","3"
"1864","0","4"
"1865","0","1"
"1865","0","2"
"1865","0","3"
"1865","0","4"
"1866","0","1"
"1866","0","2"
"1866","0","3"
"1866","0","4"
"1867","0","1"
"1867","0","2"
"1867","0","3"
"1867","0","4"
"1868","0","1"
"1868","0","2"
"1868","0","3"
"1869","0","1"
"1869","0","2"
"1869","0","3"
"1870","0","1"
"1870","0","2"
"1870","0","3"
"1871","0","1"
"1871","0","2"
"1871","0","3"
"1872","0","1"
"1872","0","2"
"1872","0","3"
"1873","0","1"
"1873","0","2"
"1873","0","3"
"1874","0","1"
"1874","0","2"
"1874","0","3"
"1875","0","1"
"1875","0","2"
"1875","0","3"
"1876","0","1"
"1876","0","2"
"1876","0","3"
"1877","0","1"
"1877","0","2"
"1877","0","3"
"1878","0","1"
"1878","0","2"
"1878","0","3"
"1878","0","4"
"1879","0","1"
"1879","0","2"
"1879","0","3"
"1879","0","4"
"1880","0","1"
"1880","0","2"
"1880","0","3"
"1881","0","1"
"1881","0","2"
"1881","0","3"
"1882","0","1"
"1882","0","2"
"1882","0","3"
"1883","0","1"
"1883","0","2"
"1883","0","3"
"1884","0","1"
"1884","0","2"
"1884","0","3"
"1885","0","1"
"1885","0","2"
"1885","0","3"
"1886","0","1"
"1886","0","2"
"1886","0","3"
"1886","0","4"
"1886","0","5"
"1887","0","1"
"1887","0","2"
"1887","0","3"
"1887","0","4"
"1887","0","5"
"1888","0","1"
"1888","0","2"
"1888","0","3"
"1889","0","1"
"1889","0","2"
"1889","0","3"
"1890","0","1"
"1890","0","2"
"1890","0","3"
"1891","0","1"
"1891","0","2"
"1891","0","3"
"1892","0","1"
"1892","0","2"
"1892","0","3"
"1893","0","1"
"1893","0","2"
"1893","0","3"
"1894","0","1"
"1894","0","2"
"1894","0","3"
"1895","0","1"
"1895","0","2"
"1895","0","3"
"1896","0","1"
"1896","0","2"
"1896","0","3"
"1897","0","1"
"1897","0","2"
"1897","0","3"
"1898","0","1"
"1898","0","2"
"1898","0","3"
"1899","0","1"
"1899","0","2"
"1899","0","3"
"1900","0","1"
"1900","0","2"
"1900","0","3"
"1901","0","1"
"1901","0","2"
"1901","0","3"
"1902","0","1"
"1902","0","2"
"1902","0","3"
"1903","0","1"
"1903","0","2"
"1903","0","3"
"1904","0","1"
"1904","0","2"
"1904","0","3"
"1905","0","1"
"1905","0","2"
"1905","0","3"
"1906","0","1"
"1906","0","2"
"1906","0","3"
"1907","0","1"
"1907","0","2"
"1907","0","3"
"1908","0","1"
"1908","0","2"
"1908","0","3"
"1909","0","1"
"1909","0","2"
"1909","0","3"
"1910","0","1"
"1910","0","2"
"1910","0","3"
"1911","0","1"
"1911","0","2"
"1911","0","3"
"1912","0","1"
"1912","0","2"
"1912","0","3"
"1913","0","1"
"1913","0","2"
"1913","0","3"
"1914","0","1"
"1914","0","2"
"1914","0","3"
"1915","0","1"
"1915","0","2"
"1915","0","3"
"1916","0","1"
"1916","0","2"
"1916","0","3"
"1917","0","1"
"1917","0","2"
"1917","0","3"
"1918","0","1"
"1918","0","2"
"1918","0","3"
"1919","0","1"
"1919","0","2"
"1919","0","3"
"1920","0","1"
"1920","0","2"
"1920","0","3"
"1921","0","1"
"1921","0","2"
"1921","0","3"
"1922","0","1"
"1922","0","2"
"1922","0","3"
"1923","0","1"
"1923","0","2"
"1923","0","3"
